Name,Class
khoa,Khochiu
khoa,Khochiu
khoa,Khochiu
khoa,Khochiu
khoa,Khochiu
khoa,Khochiu
khoa,Khochiu
khoa,Khochiu
khoa,VuiVe
khoa,VuiVe
khoa,VuiVe
khoa,VuiVe
khoa,VuiVe
khoa,Khochiu
khoa,Khochiu
khoa,Khochiu
khoa,Khochiu
khoa,Khochiu
khoa,Khochiu
khoa,Khochiu
khoa,VuiVe
khoa,VuiVe
khoa,VuiVe
khoa,NghiemTuc
khoa,NghiemTuc
khoa,NghiemTuc
khoa,VuiVe
khoa,VuiVe
khoa,VuiVe
khoa,VuiVe
khoa,VuiVe
khoa,VuiVe
khoa,VuiVe
khoa,KhongNghiemTuc
khoa,KhongNghiemTuc
khoa,KhongNghiemTuc
khoa,KhongNghiemTuc
khoa,KhongNghiemTuc
khoa,KhongNghiemTuc
khoa,KhongNghiemTuc
khoa,KhongNghiemTuc
khoa,KhongNghiemTuc
khoa,KhongNghiemTuc
huy,Khochiu
huy,VuiVe
huy,VuiVe
huy,VuiVe
huy,VuiVe
huy,VuiVe
huy,VuiVe
huy,VuiVe
huy,Khochiu
huy,Khochiu
huy,Khochiu
huy,Khochiu
huy,Khochiu
huy,Khochiu
huy,Khochiu
huy,Khochiu
huy,Khochiu
huy,Khochiu
huy,Khochiu
huy,Khochiu
huy,KhongNghiemTuc
huy,KhongNghiemTuc
huy,VuiVe
huy,VuiVe
huy,VuiVe
huy,KhongNghiemTuc
huy,Khochiu
huy,Khochiu
huy,Khochiu
huy,Khochiu
huy,Khochiu
huy,Khochiu
huy,Khochiu
huy,Khochiu
huy,Khochiu
huy,KhongNghiemTuc
huy,KhongNghiemTuc
huy,VuiVe
huy,VuiVe
huy,VuiVe
huy,KhongNghiemTuc
huy,Khochiu
huy,Khochiu
huy,Khochiu
huy,Khochiu
huy,NghiemTuc
huy,NghiemTuc
huy,KhongNghiemTuc
huy,NghiemTuc
huy,NghiemTuc
huy,NghiemTuc
huy,NghiemTuc
huy,NghiemTuc
huy,NghiemTuc
huy,NghiemTuc
huy,NghiemTuc
huy,NghiemTuc
huy,NghiemTuc
huy,NghiemTuc
huy,Khochiu
huy,Khochiu
huy,Khochiu
huy,KhongNghiemTuc
huy,KhongNghiemTuc
huy,KhongNghiemTuc
huy,VuiVe
huy,KhongNghiemTuc
huy,KhongNghiemTuc
huy,KhongNghiemTuc
huy,KhongNghiemTuc
huy,Khochiu
huy,Khochiu
huy,Khochiu
huy,Khochiu
huy,Khochiu
huy,Khochiu
huy,Khochiu
huy,Khochiu
huy,Khochiu
huy,Khochiu
huy,Khochiu
huy,Khochiu
huy,Khochiu
huy,KhongNghiemTuc
huy,KhongNghiemTuc
huy,KhongNghiemTuc
huy,KhongNghiemTuc
huy,KhongNghiemTuc
huy,Khochiu
huy,Khochiu
huy,KhongNghiemTuc
huy,KhongNghiemTuc
huy,KhongNghiemTuc
huy,KhongNghiemTuc
huy,KhongNghiemTuc
huy,KhongNghiemTuc
huy,KhongNghiemTuc
huy,KhongNghiemTuc
huy,KhongNghiemTuc
huy,KhongNghiemTuc
huy,Khochiu
huy,Khochiu
huy,Khochiu
huy,KhongNghiemTuc
huy,KhongNghiemTuc
huy,VuiVe
huy,VuiVe
huy,KhongNghiemTuc
huy,KhongNghiemTuc
huy,KhongNghiemTuc
huy,KhongNghiemTuc
huy,KhongNghiemTuc
huy,KhongNghiemTuc
huy,KhongNghiemTuc
huy,KhongNghiemTuc
huy,KhongNghiemTuc
huy,KhongNghiemTuc
huy,KhongNghiemTuc
huy,KhongNghiemTuc
huy,KhongNghiemTuc
huy,KhongNghiemTuc
huy,KhongNghiemTuc
huy,KhongNghiemTuc
huy,KhongNghiemTuc
huy,KhongNghiemTuc
huy,KhongNghiemTuc
huy,NghiemTuc
,KhongNghiemTuc
,KhongNghiemTuc
,NghiemTuc
,NghiemTuc
,KhongNghiemTuc
,KhongNghiemTuc
,Khochiu
,Khochiu
,Khochiu
,Khochiu
,Khochiu
,Khochiu
,Khochiu
,Khochiu
,Khochiu
,KhongNghiemTuc
,KhongNghiemTuc
,KhongNghiemTuc
,KhongNghiemTuc
,KhongNghiemTuc
,KhongNghiemTuc
,Khochiu
,Khochiu
,Khochiu
,Khochiu
,Khochiu
,Khochiu
,KhongNghiemTuc
,KhongNghiemTuc
,KhongNghiemTuc
,KhongNghiemTuc
,KhongNghiemTuc
,KhongNghiemTuc
,KhongNghiemTuc
,KhongNghiemTuc
,KhongNghiemTuc
,KhongNghiemTuc
,KhongNghiemTuc
,KhongNghiemTuc
,KhongNghiemTuc
,Khochiu
,Khochiu
,Khochiu
,Khochiu
,Khochiu
,Khochiu
,KhongNghiemTuc
,VuiVe
,VuiVe
,VuiVe
,Khochiu
,Khochiu
,Khochiu
,Khochiu
,Khochiu
,Khochiu
,Khochiu
,Khochiu
,Khochiu
,Khochiu
,Khochiu
,Khochiu
,Khochiu
,Khochiu
,Khochiu
,Khochiu
,Khochiu
,Khochiu
,Khochiu
,Khochiu
,Khochiu
,Khochiu
,Khochiu
,VuiVe
,VuiVe
,VuiVe
,KhongNghiemTuc
,KhongNghiemTuc
,Khochiu
,Khochiu
,Khochiu
,Khochiu
,KhongNghiemTuc
,KhongNghiemTuc
,KhongNghiemTuc
,KhongNghiemTuc
,KhongNghiemTuc
,KhongNghiemTuc
,KhongNghiemTuc
,KhongNghiemTuc
,KhongNghiemTuc
,KhongNghiemTuc
,KhongNghiemTuc
,Khochiu
,Khochiu
,Khochiu
,Khochiu
,Khochiu
,KhongNghiemTuc
,VuiVe
,KhongNghiemTuc
,KhongNghiemTuc
,VuiVe
,Khochiu
,VuiVe
,Khochiu
,Khochiu
,KhongNghiemTuc
,KhongNghiemTuc
,KhongNghiemTuc
,KhongNghiemTuc
,KhongNghiemTuc
,KhongNghiemTuc
,KhongNghiemTuc
,KhongNghiemTuc
,KhongNghiemTuc
,KhongNghiemTuc
,KhongNghiemTuc
,KhongNghiemTuc
,KhongNghiemTuc
,KhongNghiemTuc
,KhongNghiemTuc
,KhongNghiemTuc
,KhongNghiemTuc
,KhongNghiemTuc
,KhongNghiemTuc
,KhongNghiemTuc
,KhongNghiemTuc
,KhongNghiemTuc
,KhongNghiemTuc
,KhongNghiemTuc
,KhongNghiemTuc
,KhongNghiemTuc
,KhongNghiemTuc
,KhongNghiemTuc
,KhongNghiemTuc
,KhongNghiemTuc
,KhongNghiemTuc
,KhongNghiemTuc
,KhongNghiemTuc
,KhongNghiemTuc
,KhongNghiemTuc
,Khochiu
,Khochiu
,Khochiu
,Khochiu
,Khochiu
,Khochiu
,Khochiu
,Khochiu
,Khochiu
,KhongNghiemTuc
,KhongNghiemTuc
,KhongNghiemTuc
,KhongNghiemTuc
,Khochiu
,Khochiu
,Khochiu
,Khochiu
,Khochiu
,KhongNghiemTuc
,KhongNghiemTuc
,KhongNghiemTuc
,KhongNghiemTuc
,KhongNghiemTuc
,Khochiu
,Khochiu
,Khochiu
,Khochiu
,Khochiu
,Khochiu
,Khochiu
,Khochiu
,Khochiu
,Khochiu
,Khochiu
,Khochiu
,Khochiu
,Khochiu
,Khochiu
,Khochiu
,Khochiu
,Khochiu
,Khochiu
,Khochiu
,Khochiu
,Khochiu
,Khochiu
,Khochiu
,Khochiu
,Khochiu
,Khochiu
,Khochiu
,Khochiu
,Khochiu
,Khochiu
,Khochiu
,Khochiu
,Khochiu
,VuiVe
,VuiVe
,VuiVe
,NghiemTuc
,Khochiu
,Khochiu
,Khochiu
,Khochiu
,Khochiu
,Khochiu
,Khochiu
,Khochiu
,Khochiu
,Khochiu
,Khochiu
,Khochiu
,Khochiu
,Khochiu
,KhongNghiemTuc
,Khochiu
,Khochiu
,Khochiu
,Khochiu
,Khochiu
,Khochiu
,Khochiu
,Khochiu
,Khochiu
,Khochiu
,Khochiu
,Khochiu
,Khochiu
,VuiVe
,VuiVe
,VuiVe
,VuiVe
,VuiVe
,VuiVe
,VuiVe
,VuiVe
,KhongNghiemTuc
,NghiemTuc
,NghiemTuc
,Khochiu
,Khochiu
,Khochiu
,Khochiu
,Khochiu
,Khochiu
,Khochiu
,Khochiu
,Khochiu
,Khochiu
,Khochiu
,Khochiu
,Khochiu
,Khochiu
,Khochiu
,Khochiu
long,Khochiu
long,Khochiu
long,VuiVe
long,VuiVe
long,VuiVe
long,VuiVe
long,VuiVe
long,VuiVe
long,KhongNghiemTuc
long,Khochiu
long,Khochiu
long,Khochiu
long,Khochiu
long,Khochiu
long,Khochiu
long,Khochiu
long,Khochiu
long,VuiVe
long,VuiVe
long,VuiVe
long,VuiVe
long,VuiVe
long,VuiVe
long,VuiVe
long,VuiVe
long,Khochiu
long,Khochiu
long,Khochiu
long,Khochiu
long,Khochiu
long,Khochiu
long,Khochiu
long,Khochiu
long,Khochiu
long,Khochiu
long,Khochiu
long,Khochiu
long,Khochiu
long,Khochiu
long,NghiemTuc
long,VuiVe
long,VuiVe
long,VuiVe
long,VuiVe
long,VuiVe
long,VuiVe
long,VuiVe
long,VuiVe
long,NghiemTuc
long,VuiVe
long,KhongNghiemTuc
long,Khochiu
long,Khochiu
long,Khochiu
long,Khochiu
long,Khochiu
long,VuiVe
long,VuiVe
long,KhongNghiemTuc
long,KhongNghiemTuc
long,KhongNghiemTuc
long,KhongNghiemTuc
long,KhongNghiemTuc
long,KhongNghiemTuc
long,KhongNghiemTuc
long,Khochiu
long,Khochiu
long,Khochiu
long,Khochiu
long,Khochiu
long,Khochiu
long,Khochiu
long,Khochiu
long,Khochiu
long,VuiVe
long,VuiVe
long,VuiVe
long,KhongNghiemTuc
long,KhongNghiemTuc
long,Khochiu
long,Khochiu
long,Khochiu
long,Khochiu
long,Khochiu
long,Khochiu
long,Khochiu
long,Khochiu
long,Khochiu
long,Khochiu
long,Khochiu
long,Khochiu
long,Khochiu
long,Khochiu
long,Khochiu
long,Khochiu
long,Khochiu
long,Khochiu
long,Khochiu
long,Khochiu
long,Khochiu
long,Khochiu
long,KhongNghiemTuc
long,KhongNghiemTuc
long,KhongNghiemTuc
long,KhongNghiemTuc
long,Khochiu
long,Khochiu
long,Khochiu
long,Khochiu
long,Khochiu
long,Khochiu
long,Khochiu
long,Khochiu
long,Khochiu
long,Khochiu
long,Khochiu
long,Khochiu
long,Khochiu
long,Khochiu
long,Khochiu
long,Khochiu
long,Khochiu
long,Khochiu
long,Khochiu
long,Khochiu
long,VuiVe
long,VuiVe
long,VuiVe
long,VuiVe
long,KhongNghiemTuc
long,KhongNghiemTuc
long,KhongNghiemTuc
long,KhongNghiemTuc
long,KhongNghiemTuc
long,KhongNghiemTuc
long,KhongNghiemTuc
long,KhongNghiemTuc
long,KhongNghiemTuc
long,KhongNghiemTuc
long,VuiVe
long,VuiVe
long,VuiVe
long,VuiVe
long,Khochiu
long,Khochiu
long,Khochiu
long,Khochiu
long,Khochiu
long,Khochiu
long,Khochiu
long,Khochiu
long,Khochiu
long,Khochiu
long,Khochiu
long,Khochiu
long,Khochiu
long,Khochiu
long,Khochiu
long,Khochiu
long,Khochiu
long,Khochiu
long,Khochiu
long,Khochiu
long,Khochiu
long,Khochiu
long,KhongNghiemTuc
long,Khochiu
long,NghiemTuc
long,Khochiu
long,Khochiu
long,Khochiu
long,Khochiu
long,Khochiu
long,Khochiu
long,Khochiu
long,Khochiu
long,Khochiu
long,Khochiu
long,Khochiu
long,Khochiu
long,Khochiu
long,NghiemTuc
long,NghiemTuc
long,NghiemTuc
long,Khochiu
long,VuiVe
long,Khochiu
long,Khochiu
long,Khochiu
long,Khochiu
long,Khochiu
long,Khochiu
long,Khochiu
long,Khochiu
long,Khochiu
long,Khochiu
long,Khochiu
long,Khochiu
long,Khochiu
long,Khochiu
long,Khochiu
long,VuiVe
long,VuiVe
long,VuiVe
long,KhongNghiemTuc
long,VuiVe
long,VuiVe
long,KhongNghiemTuc
long,KhongNghiemTuc
long,KhongNghiemTuc
long,VuiVe
long,VuiVe
long,VuiVe
long,VuiVe
long,Khochiu
long,Khochiu
long,Khochiu
long,Khochiu
long,VuiVe
long,Khochiu
long,Khochiu
long,Khochiu
long,Khochiu
long,KhongNghiemTuc
long,Khochiu
long,Khochiu
long,Khochiu
long,Khochiu
long,Khochiu
long,Khochiu
long,Khochiu
long,Khochiu
long,Khochiu
long,Khochiu
long,Khochiu
long,Khochiu
long,Khochiu
long,Khochiu
long,Khochiu
long,Khochiu
long,Khochiu
long,Khochiu
long,Khochiu
long,Khochiu
long,Khochiu
long,Khochiu
long,Khochiu
long,Khochiu
long,Khochiu
long,Khochiu
long,Khochiu
long,Khochiu
long,Khochiu
long,Khochiu
long,VuiVe
long,VuiVe
long,VuiVe
long,Khochiu
long,Khochiu
long,Khochiu
long,Khochiu
long,Khochiu
long,Khochiu
long,Khochiu
long,Khochiu
long,Khochiu
long,Khochiu
Hoi,Khochiu
Hoi,Khochiu
Hoi,Khochiu
Hoi,Khochiu
Hoi,Khochiu
Hoi,Khochiu
Hoi,Khochiu
Hoi,KhongNghiemTuc
Hoi,KhongNghiemTuc
Hoi,KhongNghiemTuc
Hoi,KhongNghiemTuc
Hoi,KhongNghiemTuc
Hoi,KhongNghiemTuc
Hoi,KhongNghiemTuc
Hoi,KhongNghiemTuc
Hoi,KhongNghiemTuc
Hoi,KhongNghiemTuc
Hoi,KhongNghiemTuc
Hoi,KhongNghiemTuc
Hoi,KhongNghiemTuc
Hoi,KhongNghiemTuc
Hoi,KhongNghiemTuc
Hoi,KhongNghiemTuc
Hoi,Khochiu
Hoi,Khochiu
Hoi,Khochiu
Hoi,Khochiu
Hoi,Khochiu
Hoi,Khochiu
Hoi,Khochiu
Hoi,Khochiu
Hoi,Khochiu
Hoi,Khochiu
Hoi,Khochiu
Hoi,NghiemTuc
Hoi,NghiemTuc
Hoi,VuiVe
Hoi,Khochiu
Hoi,Khochiu
Hoi,Khochiu
Hoi,Khochiu
Hoi,Khochiu
Hoi,Khochiu
Hoi,Khochiu
Hoi,NghiemTuc
Hoi,NghiemTuc
Hoi,NghiemTuc
Hoi,NghiemTuc
Hoi,NghiemTuc
Hoi,NghiemTuc
Hoi,KhongNghiemTuc
Hoi,VuiVe
Hoi,KhongNghiemTuc
Hoi,KhongNghiemTuc
Hoi,KhongNghiemTuc
Hoi,KhongNghiemTuc
Hoi,KhongNghiemTuc
Hoi,NghiemTuc
Hoi,NghiemTuc
Hoi,NghiemTuc
Hoi,KhongNghiemTuc
Hoi,VuiVe
Hoi,VuiVe
Hoi,VuiVe
Hoi,VuiVe
Hoi,VuiVe
Hoi,NghiemTuc
Hoi,NghiemTuc
Hoi,VuiVe
Hoi,VuiVe
Hoi,KhongNghiemTuc
Hoi,VuiVe
Hoi,KhongNghiemTuc
Hoi,KhongNghiemTuc
Hoi,KhongNghiemTuc
Hoi,KhongNghiemTuc
Hoi,KhongNghiemTuc
Hoi,KhongNghiemTuc
Hoi,KhongNghiemTuc
Hoi,KhongNghiemTuc
Hoi,KhongNghiemTuc
Hoi,Khochiu
Hoi,Khochiu
Hoi,Khochiu
Hoi,Khochiu
Hoi,Khochiu
Hoi,Khochiu
Hoi,Khochiu
Hoi,Khochiu
Hoi,Khochiu
Hoi,Khochiu
Hoi,Khochiu
Hoi,Khochiu
Hoi,Khochiu
Hoi,Khochiu
Hoi,Khochiu
Hoi,Khochiu
Hoi,Khochiu
Hoi,NghiemTuc
Hoi,NghiemTuc
Hoi,VuiVe
Hoi,VuiVe
Hoi,VuiVe
Hoi,VuiVe
Hoi,VuiVe
Hoi,Khochiu
Hoi,Khochiu
Hoi,Khochiu
Hoi,Khochiu
Hoi,Khochiu
Hoi,Khochiu
Hoi,Khochiu
Hoi,Khochiu
Hoi,Khochiu
Hoi,Khochiu
Hoi,Khochiu
Hoi,Khochiu
Hoi,Khochiu
Hoi,KhongNghiemTuc
Hoi,KhongNghiemTuc
Hoi,KhongNghiemTuc
Hoi,KhongNghiemTuc
Hoi,KhongNghiemTuc
Hoi,KhongNghiemTuc
Hoi,KhongNghiemTuc
Hoi,KhongNghiemTuc
Hoi,KhongNghiemTuc
Hoi,KhongNghiemTuc
Hoi,Khochiu
Hoi,Khochiu
Hoi,KhongNghiemTuc
Hoi,KhongNghiemTuc
Hoi,KhongNghiemTuc
Hoi,VuiVe
Hoi,VuiVe
Hoi,VuiVe
Hoi,VuiVe
Hoi,KhongNghiemTuc
Hoi,KhongNghiemTuc
Hoi,Khochiu
Hoi,Khochiu
Hoi,Khochiu
Hoi,Khochiu
Hoi,Khochiu
Hoi,Khochiu
Hoi,Khochiu
Hoi,VuiVe
Hoi,VuiVe
Hoi,VuiVe
Hoi,VuiVe
Hoi,VuiVe
Hoi,VuiVe
Hoi,VuiVe
Hoi,VuiVe
Hoi,VuiVe
Hoi,KhongNghiemTuc
Hoi,KhongNghiemTuc
Hoi,KhongNghiemTuc
Hoi,Khochiu
Hoi,Khochiu
Hoi,Khochiu
Hoi,KhongNghiemTuc
Hoi,KhongNghiemTuc
Hoi,KhongNghiemTuc
Hoi,KhongNghiemTuc
Hoi,KhongNghiemTuc
Hoi,KhongNghiemTuc
Hoi,KhongNghiemTuc
Hoi,KhongNghiemTuc
Hoi,KhongNghiemTuc
Hoi,KhongNghiemTuc
Hoi,KhongNghiemTuc
Hoi,KhongNghiemTuc
Hoi,KhongNghiemTuc
Hoi,KhongNghiemTuc
Hoi,Khochiu
Hoi,KhongNghiemTuc
Hoi,KhongNghiemTuc
Hoi,KhongNghiemTuc
Hoi,KhongNghiemTuc
Hoi,KhongNghiemTuc
Hoi,KhongNghiemTuc
Hoi,KhongNghiemTuc
Hoi,Khochiu
Hoi,Khochiu
Hoi,Khochiu
Hoi,Khochiu
Hoi,Khochiu
Hoi,KhongNghiemTuc
Hoi,KhongNghiemTuc
Hoi,KhongNghiemTuc
Hoi,KhongNghiemTuc
Hoi,KhongNghiemTuc
Hoi,KhongNghiemTuc
Hoi,KhongNghiemTuc
Hoi,KhongNghiemTuc
Hoi,KhongNghiemTuc
Hoi,KhongNghiemTuc
Hoi,Khochiu
Hoi,Khochiu
Hoi,KhongNghiemTuc
Hoi,KhongNghiemTuc
Hoi,VuiVe
Hoi,VuiVe
Hoi,VuiVe
Hoi,VuiVe
Hoi,VuiVe
Hoi,Khochiu
Hoi,Khochiu
Hoi,Khochiu
Hoi,Khochiu
Hoi,Khochiu
Hoi,Khochiu
Hoi,Khochiu
Hoi,Khochiu
Hoi,Khochiu
Hoi,Khochiu
Hoi,Khochiu
Hoi,Khochiu
Hoi,VuiVe
Hoi,VuiVe
Hoi,VuiVe
Hoi,VuiVe
Hoi,VuiVe
Hoi,VuiVe
Hoi,VuiVe
trung,Khochiu
trung,Khochiu
trung,Khochiu
trung,Khochiu
trung,Khochiu
trung,Khochiu
trung,Khochiu
trung,VuiVe
trung,VuiVe
trung,VuiVe
trung,VuiVe
trung,Khochiu
trung,Khochiu
trung,Khochiu
trung,Khochiu
trung,Khochiu
trung,Khochiu
trung,Khochiu
trung,Khochiu
trung,Khochiu
trung,Khochiu
trung,Khochiu
trung,Khochiu
trung,Khochiu
trung,Khochiu
trung,Khochiu
trung,Khochiu
trung,Khochiu
trung,Khochiu
trung,Khochiu
trung,Khochiu
trung,Khochiu
trung,Khochiu
trung,Khochiu
trung,Khochiu
trung,Khochiu
trung,Khochiu
trung,Khochiu
trung,Khochiu
trung,Khochiu
trung,Khochiu
trung,Khochiu
trung,Khochiu
trung,Khochiu
trung,Khochiu
trung,Khochiu
trung,VuiVe
trung,Khochiu
trung,Khochiu
trung,NghiemTuc
trung,Khochiu
trung,Khochiu
trung,Khochiu
trung,KhongNghiemTuc
trung,KhongNghiemTuc
trung,KhongNghiemTuc
trung,KhongNghiemTuc
trung,KhongNghiemTuc
trung,KhongNghiemTuc
trung,KhongNghiemTuc
trung,KhongNghiemTuc
trung,KhongNghiemTuc
trung,KhongNghiemTuc
trung,KhongNghiemTuc
trung,KhongNghiemTuc
trung,KhongNghiemTuc
trung,NghiemTuc
trung,NghiemTuc
trung,NghiemTuc
trung,NghiemTuc
trung,NghiemTuc
trung,NghiemTuc
trung,KhongNghiemTuc
trung,KhongNghiemTuc
trung,NghiemTuc
trung,KhongNghiemTuc
trung,KhongNghiemTuc
trung,KhongNghiemTuc
trung,KhongNghiemTuc
trung,Khochiu
trung,KhongNghiemTuc
trung,NghiemTuc
trung,NghiemTuc
trung,NghiemTuc
trung,NghiemTuc
trung,NghiemTuc
trung,KhongNghiemTuc
trung,NghiemTuc
trung,KhongNghiemTuc
trung,KhongNghiemTuc
trung,KhongNghiemTuc
trung,KhongNghiemTuc
trung,KhongNghiemTuc
trung,NghiemTuc
trung,Khochiu
trung,Khochiu
trung,Khochiu
trung,Khochiu
trung,Khochiu
trung,Khochiu
trung,Khochiu
trung,NghiemTuc
trung,Khochiu
trung,Khochiu
trung,NghiemTuc
trung,NghiemTuc
trung,NghiemTuc
trung,NghiemTuc
trung,NghiemTuc
trung,NghiemTuc
trung,NghiemTuc
trung,NghiemTuc
trung,NghiemTuc
trung,NghiemTuc
trung,Khochiu
trung,NghiemTuc
trung,NghiemTuc
trung,NghiemTuc
trung,NghiemTuc
trung,NghiemTuc
trung,NghiemTuc
trung,NghiemTuc
trung,NghiemTuc
trung,NghiemTuc
trung,NghiemTuc
trung,NghiemTuc
trung,Khochiu
trung,Khochiu
trung,Khochiu
trung,Khochiu
trung,Khochiu
trung,Khochiu
trung,Khochiu
trung,Khochiu
trung,Khochiu
trung,Khochiu
trung,Khochiu
trung,NghiemTuc
trung,NghiemTuc
trung,NghiemTuc
trung,NghiemTuc
trung,NghiemTuc
trung,NghiemTuc
trung,NghiemTuc
trung,NghiemTuc
trung,NghiemTuc
trung,NghiemTuc
trung,KhongNghiemTuc
trung,KhongNghiemTuc
trung,KhongNghiemTuc
trung,KhongNghiemTuc
trung,KhongNghiemTuc
trung,KhongNghiemTuc
trung,KhongNghiemTuc
trung,KhongNghiemTuc
trung,KhongNghiemTuc
trung,KhongNghiemTuc
trung,KhongNghiemTuc
trung,KhongNghiemTuc
trung,KhongNghiemTuc
trung,KhongNghiemTuc
trung,NghiemTuc
trung,NghiemTuc
trung,NghiemTuc
trung,NghiemTuc
trung,NghiemTuc
trung,NghiemTuc
trung,NghiemTuc
trung,NghiemTuc
trung,NghiemTuc
trung,NghiemTuc
trung,NghiemTuc
trung,NghiemTuc
trung,NghiemTuc
trung,NghiemTuc
trung,NghiemTuc
trung,NghiemTuc
trung,NghiemTuc
trung,NghiemTuc
trung,NghiemTuc
trung,NghiemTuc
trung,NghiemTuc
trung,NghiemTuc
trung,NghiemTuc
trung,NghiemTuc
trung,NghiemTuc
trung,NghiemTuc
trung,NghiemTuc
trung,NghiemTuc
trung,NghiemTuc
trung,NghiemTuc
trung,NghiemTuc
trung,NghiemTuc
trung,NghiemTuc
trung,NghiemTuc
trung,NghiemTuc
trung,NghiemTuc
trung,NghiemTuc
trung,NghiemTuc
trung,NghiemTuc
trung,NghiemTuc
trung,NghiemTuc
trung,NghiemTuc
trung,NghiemTuc
trung,NghiemTuc
trung,NghiemTuc
trung,NghiemTuc
trung,NghiemTuc
trung,NghiemTuc
trung,NghiemTuc
trung,NghiemTuc
trung,NghiemTuc
trung,NghiemTuc
trung,NghiemTuc
trung,NghiemTuc
trung,NghiemTuc
trung,KhongNghiemTuc
trung,KhongNghiemTuc
trung,KhongNghiemTuc
trung,KhongNghiemTuc
trung,KhongNghiemTuc
trung,KhongNghiemTuc
trung,KhongNghiemTuc
trung,Khochiu
trung,Khochiu
trung,Khochiu
trung,KhongNghiemTuc
trung,NghiemTuc
trung,NghiemTuc
trung,NghiemTuc
trung,NghiemTuc
trung,NghiemTuc
trung,NghiemTuc
trung,NghiemTuc
trung,NghiemTuc
trung,NghiemTuc
trung,NghiemTuc
trung,NghiemTuc
trung,KhongNghiemTuc
trung,NghiemTuc
trung,NghiemTuc
trung,Khochiu
trung,Khochiu
trung,Khochiu
trung,Khochiu
trung,Khochiu
trung,Khochiu
,Khochiu
,Khochiu
,Khochiu
,Khochiu
,Khochiu
,Khochiu
,Khochiu
,Khochiu
,Khochiu
,Khochiu
,VuiVe
,VuiVe
,VuiVe
,VuiVe
,VuiVe
,VuiVe
,VuiVe
,VuiVe
,VuiVe
,VuiVe
,Khochiu
,Khochiu
,Khochiu
,Khochiu
,Khochiu
,Khochiu
,VuiVe
,VuiVe
,VuiVe
,VuiVe
,VuiVe
,VuiVe
,VuiVe
,VuiVe
,VuiVe
,VuiVe
,VuiVe
,VuiVe
,VuiVe
,VuiVe
,VuiVe
,VuiVe
,VuiVe
,VuiVe
,VuiVe
,Khochiu
,Khochiu
,Khochiu
,Khochiu
,Khochiu
,Khochiu
,VuiVe
,VuiVe
,VuiVe
,VuiVe
,VuiVe
,VuiVe
,VuiVe
,VuiVe
,VuiVe
,VuiVe
,VuiVe
,Khochiu
,Khochiu
,Khochiu
,Khochiu
,VuiVe
,VuiVe
,VuiVe
,VuiVe
,VuiVe
,VuiVe
,VuiVe
,VuiVe
,VuiVe
,VuiVe
,VuiVe
,VuiVe
,VuiVe
,VuiVe
,VuiVe
,VuiVe
,VuiVe
,VuiVe
,VuiVe
,VuiVe
,Khochiu
,Khochiu
,Khochiu
,Khochiu
,Khochiu
,Khochiu
,Khochiu
,Khochiu
,VuiVe
,VuiVe
,VuiVe
,VuiVe
,VuiVe
,VuiVe
,VuiVe
,VuiVe
,VuiVe
,VuiVe
,VuiVe
,VuiVe
,VuiVe
,VuiVe
,VuiVe
,VuiVe
,VuiVe
,Khochiu
,Khochiu
,Khochiu
,Khochiu
,Khochiu
,VuiVe
,VuiVe
,VuiVe
,VuiVe
,VuiVe
,VuiVe
,VuiVe
,VuiVe
,VuiVe
,VuiVe
,VuiVe
,VuiVe
,VuiVe
,VuiVe
,VuiVe
,VuiVe
,VuiVe
,VuiVe
,VuiVe
,Khochiu
,Khochiu
,Khochiu
,VuiVe
,VuiVe
,VuiVe
,VuiVe
,VuiVe
,VuiVe
,VuiVe
,VuiVe
,VuiVe
,VuiVe
,VuiVe
,VuiVe
,VuiVe
,VuiVe
,VuiVe
,VuiVe
,VuiVe
,VuiVe
,VuiVe
,VuiVe
,VuiVe
,VuiVe
,VuiVe
,VuiVe
,VuiVe
,VuiVe
,VuiVe
,VuiVe
,VuiVe
,VuiVe
,VuiVe
,VuiVe
,VuiVe
,VuiVe
,VuiVe
,VuiVe
,Khochiu
,VuiVe
,VuiVe
,VuiVe
,VuiVe
,VuiVe
,VuiVe
,VuiVe
,VuiVe
,VuiVe
,VuiVe
,VuiVe
,VuiVe
,VuiVe
,VuiVe
,VuiVe
,VuiVe
,VuiVe
,VuiVe
,VuiVe
,VuiVe
,VuiVe
,VuiVe
,VuiVe
,VuiVe
,VuiVe
,VuiVe
,VuiVe
,VuiVe
,VuiVe
,VuiVe
,NghiemTuc
,NghiemTuc
,NghiemTuc
,NghiemTuc
,NghiemTuc
,NghiemTuc
,NghiemTuc
,NghiemTuc
,NghiemTuc
,NghiemTuc
,NghiemTuc
,NghiemTuc
,NghiemTuc
,NghiemTuc
,NghiemTuc
,NghiemTuc
,VuiVe
,VuiVe
,VuiVe
,Khochiu
,Khochiu
,VuiVe
,VuiVe
,VuiVe
,VuiVe
,VuiVe
,VuiVe
,VuiVe
,VuiVe
,VuiVe
,VuiVe
,VuiVe
,VuiVe
,VuiVe
,VuiVe
,VuiVe
,VuiVe
,VuiVe
,VuiVe
,VuiVe
,VuiVe
,VuiVe
,VuiVe
,VuiVe
,VuiVe
,VuiVe
,VuiVe
,VuiVe
,VuiVe
,VuiVe
,VuiVe
,VuiVe
,VuiVe
,VuiVe
,VuiVe
,VuiVe
,VuiVe
,VuiVe
,VuiVe
,VuiVe
,VuiVe
,VuiVe
,VuiVe
,VuiVe
,VuiVe
,VuiVe
,VuiVe
,VuiVe
,VuiVe
,VuiVe
,VuiVe
,VuiVe
,VuiVe
,VuiVe
,VuiVe
,VuiVe
,VuiVe
,VuiVe
,VuiVe
,VuiVe
,VuiVe
,VuiVe
,VuiVe
,VuiVe
,VuiVe
,VuiVe
,VuiVe
,VuiVe
,VuiVe
,VuiVe
,VuiVe
,VuiVe
,VuiVe
,VuiVe
,VuiVe
,VuiVe
,VuiVe
,VuiVe
,KhongNghiemTuc
,KhongNghiemTuc
,KhongNghiemTuc
,KhongNghiemTuc
,KhongNghiemTuc
,KhongNghiemTuc
,KhongNghiemTuc
,KhongNghiemTuc
,KhongNghiemTuc
,KhongNghiemTuc
,KhongNghiemTuc
,KhongNghiemTuc
,KhongNghiemTuc
,KhongNghiemTuc
,KhongNghiemTuc
,KhongNghiemTuc
,KhongNghiemTuc
,KhongNghiemTuc
,KhongNghiemTuc
,KhongNghiemTuc
,KhongNghiemTuc
,KhongNghiemTuc
,VuiVe
,VuiVe
,VuiVe
,VuiVe
,VuiVe
,VuiVe
,VuiVe
,VuiVe
,VuiVe
,VuiVe
,VuiVe
,VuiVe
,VuiVe
,VuiVe
,VuiVe
,VuiVe
,VuiVe
,VuiVe
,VuiVe
,VuiVe
,VuiVe
,VuiVe
,VuiVe
,VuiVe
,KhongNghiemTuc
,KhongNghiemTuc
,KhongNghiemTuc
,KhongNghiemTuc
,KhongNghiemTuc
,KhongNghiemTuc
,KhongNghiemTuc
,KhongNghiemTuc
,KhongNghiemTuc
,KhongNghiemTuc
,KhongNghiemTuc
,KhongNghiemTuc
,KhongNghiemTuc
admin,VuiVe
admin,VuiVe
admin,VuiVe
admin,VuiVe
admin,VuiVe
admin,KhongNghiemTuc
admin,KhongNghiemTuc
admin,KhongNghiemTuc
admin,KhongNghiemTuc
admin,KhongNghiemTuc
admin,KhongNghiemTuc
admin,KhongNghiemTuc
admin,KhongNghiemTuc
admin,KhongNghiemTuc
admin,KhongNghiemTuc
admin,KhongNghiemTuc
admin,KhongNghiemTuc
admin,KhongNghiemTuc
admin,KhongNghiemTuc
admin,KhongNghiemTuc
admin,KhongNghiemTuc
admin,KhongNghiemTuc
admin,KhongNghiemTuc
admin,KhongNghiemTuc
admin,KhongNghiemTuc
admin,KhongNghiemTuc
admin,KhongNghiemTuc
admin,KhongNghiemTuc
admin,KhongNghiemTuc
admin,KhongNghiemTuc
admin,KhongNghiemTuc
admin,KhongNghiemTuc
admin,KhongNghiemTuc
admin,KhongNghiemTuc
admin,KhongNghiemTuc
admin,KhongNghiemTuc
admin,KhongNghiemTuc
admin,KhongNghiemTuc
admin,KhongNghiemTuc
admin,KhongNghiemTuc
admin,KhongNghiemTuc
admin,KhongNghiemTuc
admin,KhongNghiemTuc
admin,KhongNghiemTuc
admin,KhongNghiemTuc
admin,KhongNghiemTuc
admin,KhongNghiemTuc
admin,KhongNghiemTuc
admin,KhongNghiemTuc
admin,KhongNghiemTuc
admin,KhongNghiemTuc
admin,KhongNghiemTuc
admin,KhongNghiemTuc
admin,KhongNghiemTuc
admin,KhongNghiemTuc
admin,KhongNghiemTuc
admin,KhongNghiemTuc
admin,KhongNghiemTuc
admin,KhongNghiemTuc
admin,KhongNghiemTuc
admin,KhongNghiemTuc
admin,KhongNghiemTuc
admin,KhongNghiemTuc
admin,KhongNghiemTuc
admin,KhongNghiemTuc
admin,KhongNghiemTuc
admin,KhongNghiemTuc
admin,KhongNghiemTuc
admin,KhongNghiemTuc
admin,KhongNghiemTuc
admin,KhongNghiemTuc
admin,KhongNghiemTuc
admin,KhongNghiemTuc
admin,KhongNghiemTuc
admin,KhongNghiemTuc
admin,KhongNghiemTuc
admin,KhongNghiemTuc
admin,KhongNghiemTuc
admin,KhongNghiemTuc
admin,KhongNghiemTuc
admin,KhongNghiemTuc
admin,KhongNghiemTuc
admin,KhongNghiemTuc
admin,KhongNghiemTuc
admin,VuiVe
admin,VuiVe
admin,VuiVe
admin,VuiVe
admin,VuiVe
admin,VuiVe
admin,VuiVe
admin,VuiVe
admin,VuiVe
admin,VuiVe
admin,VuiVe
admin,VuiVe
admin,VuiVe
admin,VuiVe
admin,VuiVe
admin,VuiVe
admin,VuiVe
admin,VuiVe
admin,VuiVe
admin,VuiVe
admin,VuiVe
admin,KhongNghiemTuc
admin,KhongNghiemTuc
admin,KhongNghiemTuc
admin,KhongNghiemTuc
admin,KhongNghiemTuc
admin,KhongNghiemTuc
admin,KhongNghiemTuc
admin,KhongNghiemTuc
admin,VuiVe
admin,VuiVe
admin,VuiVe
admin,VuiVe
admin,VuiVe
admin,VuiVe
admin,VuiVe
admin,VuiVe
admin,VuiVe
admin,VuiVe
admin,VuiVe
admin,VuiVe
admin,VuiVe
admin,VuiVe
admin,VuiVe
admin,VuiVe
admin,VuiVe
admin,VuiVe
admin,VuiVe
admin,VuiVe
admin,VuiVe
admin,VuiVe
admin,VuiVe
admin,VuiVe
admin,VuiVe
admin,VuiVe
admin,VuiVe
admin,VuiVe
admin,VuiVe
admin,VuiVe
admin,VuiVe
admin,VuiVe
admin,VuiVe
admin,VuiVe
admin,VuiVe
admin,VuiVe
admin,VuiVe
admin,VuiVe
admin,VuiVe
admin,VuiVe
admin,VuiVe
admin,VuiVe
admin,VuiVe
admin,KhongNghiemTuc
admin,KhongNghiemTuc
admin,KhongNghiemTuc
admin,KhongNghiemTuc
admin,KhongNghiemTuc
admin,KhongNghiemTuc
admin,KhongNghiemTuc
admin,KhongNghiemTuc
admin,KhongNghiemTuc
admin,KhongNghiemTuc
admin,KhongNghiemTuc
admin,KhongNghiemTuc
admin,KhongNghiemTuc
admin,KhongNghiemTuc
admin,KhongNghiemTuc
admin,KhongNghiemTuc
admin,KhongNghiemTuc
admin,KhongNghiemTuc
admin,KhongNghiemTuc
admin,KhongNghiemTuc
admin,KhongNghiemTuc
admin,KhongNghiemTuc
admin,KhongNghiemTuc
admin,KhongNghiemTuc
admin,KhongNghiemTuc
admin,KhongNghiemTuc
admin,KhongNghiemTuc
admin,KhongNghiemTuc
admin,KhongNghiemTuc
admin,KhongNghiemTuc
admin,KhongNghiemTuc
admin,KhongNghiemTuc
admin,KhongNghiemTuc
admin,KhongNghiemTuc
admin,KhongNghiemTuc
admin,KhongNghiemTuc
admin,KhongNghiemTuc
admin,KhongNghiemTuc
admin,KhongNghiemTuc
admin,KhongNghiemTuc
admin,KhongNghiemTuc
admin,KhongNghiemTuc
admin,KhongNghiemTuc
admin,KhongNghiemTuc
admin,KhongNghiemTuc
admin,KhongNghiemTuc
admin,KhongNghiemTuc
admin,KhongNghiemTuc
admin,KhongNghiemTuc
admin,KhongNghiemTuc
admin,KhongNghiemTuc
admin,KhongNghiemTuc
admin,KhongNghiemTuc
admin,KhongNghiemTuc
admin,KhongNghiemTuc
admin,KhongNghiemTuc
admin,KhongNghiemTuc
admin,KhongNghiemTuc
admin,Khochiu
admin,Khochiu
admin,Khochiu
admin,Khochiu
admin,Khochiu
admin,Khochiu
admin,Khochiu
admin,Khochiu
admin,Khochiu
admin,Khochiu
admin,Khochiu
admin,Khochiu
admin,Khochiu
admin,Khochiu
admin,Khochiu
admin,Khochiu
admin,Khochiu
admin,Khochiu
admin,Khochiu
admin,Khochiu
admin,Khochiu
admin,Khochiu
admin,Khochiu
admin,Khochiu
admin,VuiVe
admin,VuiVe
admin,VuiVe
admin,VuiVe
admin,VuiVe
admin,VuiVe
admin,VuiVe
admin,VuiVe
admin,VuiVe
admin,VuiVe
admin,VuiVe
admin,VuiVe
admin,VuiVe
admin,VuiVe
admin,VuiVe
admin,VuiVe
admin,VuiVe
admin,VuiVe
admin,VuiVe
admin,VuiVe
admin,Khochiu
admin,Khochiu
admin,VuiVe
admin,VuiVe
admin,VuiVe
admin,VuiVe
admin,VuiVe
admin,VuiVe
admin,VuiVe
admin,VuiVe
admin,VuiVe
admin,VuiVe
admin,VuiVe
admin,VuiVe
admin,VuiVe
admin,VuiVe
admin,VuiVe
admin,VuiVe
admin,VuiVe
admin,VuiVe
admin,VuiVe
admin,VuiVe
admin,VuiVe
admin,VuiVe
admin,VuiVe
admin,VuiVe
admin,VuiVe
admin,VuiVe
admin,VuiVe
admin,Khochiu
admin,Khochiu
admin,Khochiu
admin,Khochiu
admin,Khochiu
admin,Khochiu
admin,Khochiu
admin,Khochiu
admin,Khochiu
admin,Khochiu
admin,Khochiu
admin,Khochiu
admin,VuiVe
admin,VuiVe
admin,VuiVe
admin,VuiVe
admin,VuiVe
admin,VuiVe
admin,VuiVe
admin,VuiVe
admin,VuiVe
admin,VuiVe
admin,VuiVe
admin,VuiVe
admin,VuiVe
admin,VuiVe
admin,VuiVe
admin,VuiVe
admin,VuiVe
admin,VuiVe
admin,VuiVe
admin,VuiVe
admin,VuiVe
admin,VuiVe
admin,VuiVe
admin,VuiVe
admin,VuiVe
admin,VuiVe
admin,VuiVe
admin,VuiVe
admin,Khochiu
admin,Khochiu
admin,Khochiu
admin,Khochiu
admin,Khochiu
admin,Khochiu
admin,Khochiu
admin,Khochiu
admin,KhongNghiemTuc
admin,KhongNghiemTuc
admin,KhongNghiemTuc
admin,VuiVe
admin,Khochiu
admin,KhongNghiemTuc
admin,KhongNghiemTuc
admin,KhongNghiemTuc
admin,KhongNghiemTuc
admin,KhongNghiemTuc
admin,KhongNghiemTuc
admin,Khochiu
admin,KhongNghiemTuc
admin,KhongNghiemTuc
admin,KhongNghiemTuc
admin,KhongNghiemTuc
admin,KhongNghiemTuc
admin,KhongNghiemTuc
admin,KhongNghiemTuc
admin,KhongNghiemTuc
admin,KhongNghiemTuc
admin,KhongNghiemTuc
admin,KhongNghiemTuc
admin,KhongNghiemTuc
admin,VuiVe
admin,VuiVe
admin,Khochiu
admin,Khochiu
admin,Khochiu
admin,Khochiu
admin,Khochiu
admin,Khochiu
admin,Khochiu
admin,Khochiu
admin,Khochiu
admin,Khochiu
admin,Khochiu
admin,VuiVe
admin,VuiVe
admin,VuiVe
admin,VuiVe
admin,VuiVe
admin,VuiVe
admin,VuiVe
admin,KhongNghiemTuc
admin,KhongNghiemTuc
admin,VuiVe
admin,VuiVe
admin,VuiVe
admin,VuiVe
admin,VuiVe
admin,VuiVe
admin,VuiVe
admin,VuiVe
admin,VuiVe
admin,VuiVe
admin,VuiVe
admin,VuiVe
admin,VuiVe
admin,VuiVe
admin,VuiVe
admin,VuiVe
admin,VuiVe
admin,VuiVe
admin,VuiVe
admin,VuiVe
admin,VuiVe
admin,VuiVe
admin,VuiVe
admin,VuiVe
admin,VuiVe
admin,VuiVe
admin,VuiVe
admin,NghiemTuc
admin,VuiVe
admin,VuiVe
admin,VuiVe
admin,VuiVe
admin,VuiVe
admin,VuiVe
admin,VuiVe
admin,VuiVe
admin,VuiVe
admin,VuiVe
admin,VuiVe
admin,VuiVe
admin,Khochiu
admin,Khochiu
admin,Khochiu
admin,Khochiu
admin,Khochiu
admin,Khochiu
admin,Khochiu
admin,Khochiu
admin,Khochiu
admin,Khochiu
admin,Khochiu
admin,Khochiu
admin,Khochiu
admin,Khochiu
admin,Khochiu
admin,Khochiu
admin,Khochiu
admin,Khochiu
admin,Khochiu
admin,Khochiu
admin,Khochiu
admin,Khochiu
admin,Khochiu
admin,NghiemTuc
admin,NghiemTuc
admin,NghiemTuc
admin,NghiemTuc
admin,NghiemTuc
admin,NghiemTuc
admin,NghiemTuc
admin,NghiemTuc
admin,NghiemTuc
admin,NghiemTuc
admin,NghiemTuc
admin,NghiemTuc
admin,NghiemTuc
admin,NghiemTuc
admin,NghiemTuc
admin,NghiemTuc
admin,NghiemTuc
admin,NghiemTuc
admin,NghiemTuc
admin,NghiemTuc
admin,NghiemTuc
admin,NghiemTuc
admin,NghiemTuc
admin,NghiemTuc
admin,NghiemTuc
admin,KhongNghiemTuc
admin,NghiemTuc
admin,NghiemTuc
admin,NghiemTuc
admin,NghiemTuc
admin,NghiemTuc
admin,NghiemTuc
admin,NghiemTuc
admin,NghiemTuc
admin,NghiemTuc
admin,NghiemTuc
admin,NghiemTuc
admin,NghiemTuc
admin,KhongNghiemTuc
admin,KhongNghiemTuc
admin,KhongNghiemTuc
admin,KhongNghiemTuc
admin,KhongNghiemTuc
admin,NghiemTuc
admin,NghiemTuc
admin,NghiemTuc
admin,NghiemTuc
admin,NghiemTuc
admin,NghiemTuc
admin,NghiemTuc
admin,NghiemTuc
admin,NghiemTuc
admin,NghiemTuc
admin,NghiemTuc
admin,NghiemTuc
admin,NghiemTuc
admin,NghiemTuc
admin,NghiemTuc
admin,NghiemTuc
admin,NghiemTuc
admin,NghiemTuc
admin,NghiemTuc
admin,NghiemTuc
admin,NghiemTuc
admin,NghiemTuc
admin,NghiemTuc
admin,NghiemTuc
admin,NghiemTuc
admin,NghiemTuc
admin,NghiemTuc
admin,NghiemTuc
admin,NghiemTuc
admin,NghiemTuc
admin,NghiemTuc
admin,NghiemTuc
admin,NghiemTuc
admin,NghiemTuc
admin,NghiemTuc
admin,NghiemTuc
admin,NghiemTuc
admin,NghiemTuc
admin,NghiemTuc
admin,NghiemTuc
admin,NghiemTuc
admin,NghiemTuc
admin,NghiemTuc
admin,NghiemTuc
admin,NghiemTuc
admin,NghiemTuc
admin,NghiemTuc
admin,NghiemTuc
admin,NghiemTuc
admin,NghiemTuc
admin,NghiemTuc
admin,NghiemTuc
admin,NghiemTuc
admin,NghiemTuc
admin,NghiemTuc
admin,NghiemTuc
admin,NghiemTuc
admin,NghiemTuc
admin,NghiemTuc
admin,NghiemTuc
admin,NghiemTuc
admin,NghiemTuc
admin,NghiemTuc
admin,NghiemTuc
admin,NghiemTuc
admin,NghiemTuc
admin,NghiemTuc
admin,NghiemTuc
admin,NghiemTuc
admin,NghiemTuc
admin,NghiemTuc
admin,NghiemTuc
admin,NghiemTuc
admin,NghiemTuc
admin,NghiemTuc
admin,NghiemTuc
admin,NghiemTuc
admin,NghiemTuc
admin,NghiemTuc
admin,NghiemTuc
admin,NghiemTuc
admin,NghiemTuc
admin,NghiemTuc
admin,NghiemTuc
admin,NghiemTuc
admin,NghiemTuc
admin,NghiemTuc
admin,NghiemTuc
admin,NghiemTuc
admin,NghiemTuc
admin,NghiemTuc
admin,NghiemTuc
admin,NghiemTuc
admin,NghiemTuc
admin,NghiemTuc
admin,NghiemTuc
admin,NghiemTuc
admin,NghiemTuc
admin,NghiemTuc
admin,KhongNghiemTuc
admin,KhongNghiemTuc
admin,KhongNghiemTuc
admin,KhongNghiemTuc
admin,KhongNghiemTuc
admin,VuiVe
admin,KhongNghiemTuc
admin,KhongNghiemTuc
admin,VuiVe
admin,NghiemTuc
admin,NghiemTuc
admin,VuiVe
admin,VuiVe
admin,VuiVe
admin,VuiVe
admin,VuiVe
admin,KhongNghiemTuc
admin,NghiemTuc
admin,NghiemTuc
admin,NghiemTuc
admin,NghiemTuc
admin,NghiemTuc
admin,NghiemTuc
admin,KhongNghiemTuc
admin,KhongNghiemTuc
admin,KhongNghiemTuc
admin,KhongNghiemTuc
admin,KhongNghiemTuc
admin,KhongNghiemTuc
admin,KhongNghiemTuc
admin,NghiemTuc
admin,NghiemTuc
admin,KhongNghiemTuc
admin,KhongNghiemTuc
admin,KhongNghiemTuc
admin,KhongNghiemTuc
admin,KhongNghiemTuc
admin,KhongNghiemTuc
admin,KhongNghiemTuc
admin,KhongNghiemTuc
admin,KhongNghiemTuc
admin,KhongNghiemTuc
admin,KhongNghiemTuc
admin,NghiemTuc
admin,NghiemTuc
admin,VuiVe
admin,NghiemTuc
admin,NghiemTuc
admin,NghiemTuc
admin,VuiVe
admin,VuiVe
admin,VuiVe
admin,VuiVe
admin,VuiVe
admin,VuiVe
admin,VuiVe
admin,VuiVe
admin,KhoChiu
admin,KhoChiu
admin,KhoChiu
admin,KhoChiu
admin,VuiVe
admin,KhoChiu
admin,KhoChiu
admin,KhoChiu
admin,KhoChiu
admin,KhoChiu
admin,KhoChiu
admin,KhongNghiemTuc
admin,KhoChiu
admin,VuiVe
admin,KhongNghiemTuc
admin,VuiVe
admin,VuiVe
admin,KhongNghiemTuc
admin,KhongNghiemTuc
admin,KhongNghiemTuc
admin,KhongNghiemTuc
admin,KhongNghiemTuc
admin,KhongNghiemTuc
admin,KhongNghiemTuc
admin,KhongNghiemTuc
admin,KhongNghiemTuc
admin,KhongNghiemTuc
admin,KhongNghiemTuc
admin,KhongNghiemTuc
admin,KhongNghiemTuc
admin,KhongNghiemTuc
admin,KhongNghiemTuc
admin,KhongNghiemTuc
admin,KhoChiu
admin,KhoChiu
admin,KhoChiu
admin,KhongNghiemTuc
admin,KhongNghiemTuc
admin,VuiVe
admin,VuiVe
admin,VuiVe
admin,KhongNghiemTuc
admin,KhongNghiemTuc
admin,VuiVe
admin,VuiVe
admin,VuiVe
admin,VuiVe
admin,VuiVe
admin,VuiVe
admin,VuiVe
admin,VuiVe
admin,VuiVe
admin,VuiVe
admin,VuiVe
admin,VuiVe
admin,VuiVe
admin,VuiVe
admin,VuiVe
admin,VuiVe
admin,VuiVe
admin,VuiVe
admin,VuiVe
admin,VuiVe
admin,VuiVe
admin,VuiVe
admin,VuiVe
admin,VuiVe
admin,NghiemTuc
admin,NghiemTuc
admin,NghiemTuc
admin,NghiemTuc
admin,NghiemTuc
admin,NghiemTuc
admin,NghiemTuc
admin,NghiemTuc
admin,NghiemTuc
admin,NghiemTuc
admin,NghiemTuc
admin,NghiemTuc
admin,NghiemTuc
admin,NghiemTuc
admin,NghiemTuc
admin,NghiemTuc
admin,NghiemTuc
admin,NghiemTuc
admin,NghiemTuc
admin,NghiemTuc
admin,NghiemTuc
admin,NghiemTuc
admin,NghiemTuc
admin,NghiemTuc
admin,NghiemTuc
admin,NghiemTuc
admin,NghiemTuc
admin,NghiemTuc
admin,NghiemTuc
admin,NghiemTuc
admin,NghiemTuc
admin,NghiemTuc
admin,NghiemTuc
admin,NghiemTuc
admin,NghiemTuc
admin,NghiemTuc
admin,NghiemTuc
admin,NghiemTuc
admin,NghiemTuc
admin,NghiemTuc
admin,NghiemTuc
admin,NghiemTuc
admin,NghiemTuc
admin,NghiemTuc
admin,NghiemTuc
admin,NghiemTuc
admin,NghiemTuc
admin,NghiemTuc
admin,NghiemTuc
admin,NghiemTuc
admin,NghiemTuc
admin,NghiemTuc
admin,NghiemTuc
admin,NghiemTuc
admin,NghiemTuc
admin,NghiemTuc
admin,NghiemTuc
admin,NghiemTuc
admin,NghiemTuc
admin,NghiemTuc
admin,NghiemTuc
admin,NghiemTuc
admin,NghiemTuc
admin,NghiemTuc
admin,NghiemTuc
admin,NghiemTuc
admin,NghiemTuc
admin,NghiemTuc
admin,NghiemTuc
admin,NghiemTuc
admin,NghiemTuc
admin,NghiemTuc
admin,NghiemTuc
admin,NghiemTuc
admin,NghiemTuc
admin,NghiemTuc
admin,NghiemTuc
admin,NghiemTuc
admin,NghiemTuc
admin,NghiemTuc
admin,NghiemTuc
admin,NghiemTuc
admin,NghiemTuc
admin,NghiemTuc
admin,NghiemTuc
admin,NghiemTuc
admin,NghiemTuc
admin,NghiemTuc
admin,NghiemTuc
admin,NghiemTuc
admin,NghiemTuc
admin,NghiemTuc
admin,NghiemTuc
admin,NghiemTuc
admin,NghiemTuc
admin,NghiemTuc
admin,NghiemTuc
admin,NghiemTuc
admin,NghiemTuc
admin,NghiemTuc
admin,NghiemTuc
admin,NghiemTuc
admin,NghiemTuc
admin,NghiemTuc
admin,NghiemTuc
admin,NghiemTuc
admin,NghiemTuc
admin,NghiemTuc
admin,NghiemTuc
admin,NghiemTuc
admin,NghiemTuc
admin,NghiemTuc
admin,NghiemTuc
admin,NghiemTuc
admin,NghiemTuc
admin,NghiemTuc
admin,NghiemTuc
admin,NghiemTuc
admin,NghiemTuc
admin,NghiemTuc
admin,NghiemTuc
admin,NghiemTuc
admin,NghiemTuc
admin,KhongNghiemTuc
admin,KhongNghiemTuc
admin,KhongNghiemTuc
admin,KhongNghiemTuc
admin,KhongNghiemTuc
admin,KhongNghiemTuc
admin,KhongNghiemTuc
admin,KhongNghiemTuc
admin,KhongNghiemTuc
admin,KhongNghiemTuc
admin,KhongNghiemTuc
admin,KhongNghiemTuc
admin,KhongNghiemTuc
admin,KhongNghiemTuc
admin,KhongNghiemTuc
admin,KhongNghiemTuc
admin,KhongNghiemTuc
admin,KhongNghiemTuc
admin,KhongNghiemTuc
admin,KhongNghiemTuc
admin,KhongNghiemTuc
admin,KhongNghiemTuc
admin,KhongNghiemTuc
admin,KhongNghiemTuc
admin,KhongNghiemTuc
admin,KhongNghiemTuc
admin,KhongNghiemTuc
admin,KhongNghiemTuc
admin,KhongNghiemTuc
admin,KhongNghiemTuc
admin,KhongNghiemTuc
admin,KhongNghiemTuc
admin,KhongNghiemTuc
admin,KhongNghiemTuc
admin,KhongNghiemTuc
admin,KhongNghiemTuc
admin,KhongNghiemTuc
admin,KhongNghiemTuc
admin,KhongNghiemTuc
admin,KhongNghiemTuc
admin,KhongNghiemTuc
admin,KhongNghiemTuc
admin,KhongNghiemTuc
admin,KhongNghiemTuc
admin,KhongNghiemTuc
admin,KhongNghiemTuc
admin,KhongNghiemTuc
admin,KhongNghiemTuc
admin,KhongNghiemTuc
admin,KhongNghiemTuc
admin,KhongNghiemTuc
admin,KhongNghiemTuc
admin,KhongNghiemTuc
admin,KhongNghiemTuc
admin,KhongNghiemTuc
admin,KhongNghiemTuc
admin,KhongNghiemTuc
admin,KhongNghiemTuc
admin,KhongNghiemTuc
admin,KhongNghiemTuc
admin,KhongNghiemTuc
admin,KhongNghiemTuc
admin,KhongNghiemTuc
admin,KhongNghiemTuc
admin,KhongNghiemTuc
admin,KhongNghiemTuc
admin,KhongNghiemTuc
admin,KhongNghiemTuc
admin,KhongNghiemTuc
admin,KhongNghiemTuc
admin,KhongNghiemTuc
admin,KhongNghiemTuc
admin,KhongNghiemTuc
admin,KhongNghiemTuc
admin,KhongNghiemTuc
admin,KhongNghiemTuc
admin,KhongNghiemTuc
admin,KhongNghiemTuc
admin,KhongNghiemTuc
admin,KhongNghiemTuc
admin,KhongNghiemTuc
admin,KhongNghiemTuc
admin,KhongNghiemTuc
admin,KhongNghiemTuc
admin,KhongNghiemTuc
admin,KhongNghiemTuc
admin,KhongNghiemTuc
admin,KhongNghiemTuc
admin,KhongNghiemTuc
admin,KhongNghiemTuc
admin,KhongNghiemTuc
admin,KhongNghiemTuc
admin,KhongNghiemTuc
admin,KhongNghiemTuc
admin,KhongNghiemTuc
admin,KhongNghiemTuc
admin,KhongNghiemTuc
admin,KhongNghiemTuc
admin,KhongNghiemTuc
admin,KhongNghiemTuc
admin,KhongNghiemTuc
admin,KhongNghiemTuc
admin,KhongNghiemTuc
admin,KhongNghiemTuc
admin,KhongNghiemTuc
admin,KhongNghiemTuc
admin,KhongNghiemTuc
admin,KhongNghiemTuc
admin,KhongNghiemTuc
admin,KhongNghiemTuc
admin,KhongNghiemTuc
admin,KhongNghiemTuc
admin,KhongNghiemTuc
admin,KhongNghiemTuc
admin,KhongNghiemTuc
admin,KhongNghiemTuc
admin,KhongNghiemTuc
admin,KhongNghiemTuc
admin,KhongNghiemTuc
admin,KhongNghiemTuc
admin,KhongNghiemTuc
admin,KhongNghiemTuc
admin,KhongNghiemTuc
admin,KhongNghiemTuc
admin,KhongNghiemTuc
admin,KhongNghiemTuc
admin,KhongNghiemTuc
admin,KhongNghiemTuc
admin,KhongNghiemTuc
admin,KhongNghiemTuc
admin,KhongNghiemTuc
admin,KhongNghiemTuc
admin,KhongNghiemTuc
admin,KhongNghiemTuc
admin,KhongNghiemTuc
admin,KhongNghiemTuc
admin,KhongNghiemTuc
admin,KhongNghiemTuc
admin,KhongNghiemTuc
admin,KhongNghiemTuc
admin,KhongNghiemTuc
admin,KhongNghiemTuc
admin,KhongNghiemTuc
admin,KhongNghiemTuc
admin,KhongNghiemTuc
admin,KhongNghiemTuc
admin,KhongNghiemTuc
admin,KhongNghiemTuc
admin,KhongNghiemTuc
admin,KhongNghiemTuc
admin,KhongNghiemTuc
admin,KhongNghiemTuc
admin,KhongNghiemTuc
admin,KhongNghiemTuc
admin,KhongNghiemTuc
admin,KhongNghiemTuc
admin,KhongNghiemTuc
admin,KhongNghiemTuc
admin,KhongNghiemTuc
admin,KhongNghiemTuc
admin,KhongNghiemTuc
admin,KhongNghiemTuc
admin,KhongNghiemTuc
admin,KhongNghiemTuc
admin,KhongNghiemTuc
admin,KhongNghiemTuc
admin,KhongNghiemTuc
admin,KhongNghiemTuc
admin,KhongNghiemTuc
admin,KhongNghiemTuc
admin,KhongNghiemTuc
admin,KhongNghiemTuc
admin,KhongNghiemTuc
admin,KhongNghiemTuc
admin,KhongNghiemTuc
admin,KhongNghiemTuc
admin,KhongNghiemTuc
admin,KhongNghiemTuc
admin,KhongNghiemTuc
admin,KhongNghiemTuc
admin,KhongNghiemTuc
admin,KhongNghiemTuc
admin,KhongNghiemTuc
admin,KhongNghiemTuc
admin,KhongNghiemTuc
admin,KhongNghiemTuc
admin,KhongNghiemTuc
admin,KhongNghiemTuc
admin,KhongNghiemTuc
admin,KhongNghiemTuc
admin,KhongNghiemTuc
admin,KhongNghiemTuc
admin,KhongNghiemTuc
admin,KhongNghiemTuc
admin,KhongNghiemTuc
admin,KhongNghiemTuc
admin,KhongNghiemTuc
admin,KhongNghiemTuc
admin,KhongNghiemTuc
admin,KhongNghiemTuc
admin,KhongNghiemTuc
admin,KhongNghiemTuc
admin,KhongNghiemTuc
admin,KhongNghiemTuc
admin,KhongNghiemTuc
admin,KhongNghiemTuc
admin,KhongNghiemTuc
admin,KhongNghiemTuc
admin,KhongNghiemTuc
admin,KhongNghiemTuc
admin,KhongNghiemTuc
admin,KhongNghiemTuc
admin,KhongNghiemTuc
admin,KhongNghiemTuc
admin,KhongNghiemTuc
admin,KhongNghiemTuc
admin,KhongNghiemTuc
admin,KhongNghiemTuc
admin,NghiemTuc
admin,NghiemTuc
admin,NghiemTuc
admin,NghiemTuc
admin,NghiemTuc
admin,NghiemTuc
admin,NghiemTuc
admin,NghiemTuc
admin,NghiemTuc
admin,NghiemTuc
admin,NghiemTuc
admin,NghiemTuc
admin,NghiemTuc
admin,NghiemTuc
admin,NghiemTuc
admin,KhongNghiemTuc
admin,KhongNghiemTuc
admin,NghiemTuc
admin,KhongNghiemTuc
admin,KhongNghiemTuc
admin,KhongNghiemTuc
admin,KhongNghiemTuc
admin,KhongNghiemTuc
admin,KhongNghiemTuc
admin,KhongNghiemTuc
admin,KhongNghiemTuc
admin,NghiemTuc
admin,KhongNghiemTuc
admin,NghiemTuc
admin,NghiemTuc
admin,NghiemTuc
admin,NghiemTuc
admin,KhongNghiemTuc
admin,NghiemTuc
admin,KhongNghiemTuc
admin,KhongNghiemTuc
admin,KhongNghiemTuc
admin,KhongNghiemTuc
admin,KhongNghiemTuc
admin,KhongNghiemTuc
admin,KhongNghiemTuc
admin,VuiVe
admin,VuiVe
admin,VuiVe
admin,VuiVe
admin,VuiVe
admin,VuiVe
admin,VuiVe
admin,VuiVe
admin,VuiVe
admin,VuiVe
admin,VuiVe
admin,VuiVe
admin,VuiVe
admin,VuiVe
admin,VuiVe
admin,VuiVe
admin,VuiVe
admin,VuiVe
admin,VuiVe
admin,VuiVe
admin,KhongNghiemTuc
admin,KhoChiu
admin,KhoChiu
admin,KhongNghiemTuc
admin,KhongNghiemTuc
admin,NghiemTuc
admin,NghiemTuc
admin,NghiemTuc
admin,NghiemTuc
admin,NghiemTuc
admin,NghiemTuc
admin,NghiemTuc
admin,NghiemTuc
admin,NghiemTuc
admin,NghiemTuc
admin,NghiemTuc
admin,NghiemTuc
admin,NghiemTuc
admin,NghiemTuc
admin,NghiemTuc
admin,NghiemTuc
admin,NghiemTuc
admin,NghiemTuc
admin,KhongNghiemTuc
admin,NghiemTuc
admin,NghiemTuc
admin,NghiemTuc
admin,NghiemTuc
admin,NghiemTuc
admin,NghiemTuc
admin,NghiemTuc
admin,NghiemTuc
admin,NghiemTuc
admin,NghiemTuc
admin,KhongNghiemTuc
admin,KhongNghiemTuc
admin,KhongNghiemTuc
admin,NghiemTuc
admin,NghiemTuc
admin,NghiemTuc
admin,NghiemTuc
admin,NghiemTuc
admin,NghiemTuc
admin,NghiemTuc
admin,NghiemTuc
admin,NghiemTuc
admin,NghiemTuc
admin,NghiemTuc
admin,NghiemTuc
admin,NghiemTuc
admin,NghiemTuc
admin,NghiemTuc
admin,NghiemTuc
admin,NghiemTuc
admin,NghiemTuc
admin,NghiemTuc
admin,NghiemTuc
admin,NghiemTuc
admin,NghiemTuc
admin,NghiemTuc
admin,NghiemTuc
admin,NghiemTuc
admin,NghiemTuc
admin,NghiemTuc
admin,NghiemTuc
admin,NghiemTuc
admin,NghiemTuc
admin,NghiemTuc
admin,NghiemTuc
admin,NghiemTuc
admin,NghiemTuc
admin,NghiemTuc
admin,NghiemTuc
admin,NghiemTuc
admin,NghiemTuc
admin,NghiemTuc
admin,NghiemTuc
admin,NghiemTuc
admin,NghiemTuc
admin,NghiemTuc
admin,NghiemTuc
admin,NghiemTuc
admin,NghiemTuc
admin,NghiemTuc
admin,NghiemTuc
admin,NghiemTuc
admin,NghiemTuc
admin,NghiemTuc
admin,NghiemTuc
admin,NghiemTuc
admin,NghiemTuc
admin,NghiemTuc
admin,NghiemTuc
admin,NghiemTuc
admin,NghiemTuc
admin,NghiemTuc
admin,NghiemTuc
admin,NghiemTuc
admin,NghiemTuc
admin,NghiemTuc
admin,NghiemTuc
admin,NghiemTuc
admin,NghiemTuc
admin,NghiemTuc
admin,NghiemTuc
admin,NghiemTuc
admin,NghiemTuc
admin,NghiemTuc
admin,NghiemTuc
admin,NghiemTuc
admin,NghiemTuc
admin,NghiemTuc
admin,NghiemTuc
admin,NghiemTuc
admin,NghiemTuc
admin,NghiemTuc
admin,NghiemTuc
admin,NghiemTuc
admin,NghiemTuc
admin,NghiemTuc
admin,NghiemTuc
admin,NghiemTuc
admin,NghiemTuc
admin,NghiemTuc
admin,NghiemTuc
admin,NghiemTuc
admin,NghiemTuc
admin,NghiemTuc
admin,NghiemTuc
admin,NghiemTuc
admin,NghiemTuc
admin,NghiemTuc
admin,NghiemTuc
admin,NghiemTuc
admin,NghiemTuc
admin,NghiemTuc
admin,NghiemTuc
admin,NghiemTuc
admin,NghiemTuc
admin,NghiemTuc
admin,KhongNghiemTuc
admin,KhongNghiemTuc
admin,KhongNghiemTuc
admin,VuiVe
admin,VuiVe
admin,VuiVe
admin,VuiVe
admin,VuiVe
admin,VuiVe
admin,VuiVe
admin,VuiVe
admin,VuiVe
admin,VuiVe
admin,VuiVe
admin,VuiVe
admin,VuiVe
admin,VuiVe
admin,VuiVe
admin,VuiVe
admin,VuiVe
admin,VuiVe
admin,VuiVe
admin,VuiVe
admin,VuiVe
admin,KhongNghiemTuc
admin,KhongNghiemTuc
admin,KhongNghiemTuc
admin,KhongNghiemTuc
admin,KhongNghiemTuc
admin,KhongNghiemTuc
admin,KhongNghiemTuc
admin,KhongNghiemTuc
admin,KhongNghiemTuc
admin,KhongNghiemTuc
admin,KhongNghiemTuc
admin,KhongNghiemTuc
admin,KhongNghiemTuc
admin,KhongNghiemTuc
admin,KhongNghiemTuc
admin,KhongNghiemTuc
admin,KhongNghiemTuc
admin,KhongNghiemTuc
admin,KhongNghiemTuc
admin,KhongNghiemTuc
admin,KhongNghiemTuc
admin,KhongNghiemTuc
admin,KhongNghiemTuc
admin,KhongNghiemTuc
admin,KhongNghiemTuc
long,VuiVe
long,VuiVe
long,VuiVe
long,VuiVe
long,VuiVe
long,VuiVe
long,VuiVe
long,VuiVe
long,KhongNghiemTuc
long,KhongNghiemTuc
long,KhongNghiemTuc
long,KhongNghiemTuc
long,KhongNghiemTuc
long,KhongNghiemTuc
long,KhongNghiemTuc
long,KhongNghiemTuc
long,KhongNghiemTuc
long,KhongNghiemTuc
long,KhongNghiemTuc
long,KhongNghiemTuc
long,NghiemTuc
long,NghiemTuc
long,NghiemTuc
long,NghiemTuc
long,NghiemTuc
long,Khochiu
long,Khochiu
long,Khochiu
long,Khochiu
long,Khochiu
long,NghiemTuc
long,NghiemTuc
long,NghiemTuc
long,NghiemTuc
long,NghiemTuc
long,NghiemTuc
long,Khochiu
long,Khochiu
long,Khochiu
long,Khochiu
long,NghiemTuc
long,NghiemTuc
long,NghiemTuc
long,NghiemTuc
long,NghiemTuc
long,NghiemTuc
long,NghiemTuc
long,NghiemTuc
long,NghiemTuc
long,NghiemTuc
long,NghiemTuc
long,NghiemTuc
long,NghiemTuc
long,NghiemTuc
long,NghiemTuc
long,NghiemTuc
long,NghiemTuc
long,NghiemTuc
long,NghiemTuc
long,NghiemTuc
long,Khochiu
long,Khochiu
long,Khochiu
long,Khochiu
long,Khochiu
long,Khochiu
long,Khochiu
long,Khochiu
long,Khochiu
long,Khochiu
long,Khochiu
long,NghiemTuc
long,NghiemTuc
long,NghiemTuc
long,NghiemTuc
long,NghiemTuc
long,NghiemTuc
long,NghiemTuc
long,NghiemTuc
long,NghiemTuc
long,NghiemTuc
long,NghiemTuc
long,NghiemTuc
long,NghiemTuc
long,NghiemTuc
long,Khochiu
long,Khochiu
long,Khochiu
long,Khochiu
long,Khochiu
long,Khochiu
long,Khochiu
long,Khochiu
long,Khochiu
long,Khochiu
long,Khochiu
long,Khochiu
long,Khochiu
long,Khochiu
long,Khochiu
long,NghiemTuc
long,NghiemTuc
long,NghiemTuc
long,NghiemTuc
long,NghiemTuc
long,NghiemTuc
long,NghiemTuc
long,NghiemTuc
long,NghiemTuc
long,NghiemTuc
long,NghiemTuc
long,NghiemTuc
long,NghiemTuc
long,NghiemTuc
long,NghiemTuc
long,NghiemTuc
long,NghiemTuc
long,NghiemTuc
long,NghiemTuc
long,NghiemTuc
long,NghiemTuc
long,NghiemTuc
long,NghiemTuc
long,NghiemTuc
long,NghiemTuc
long,NghiemTuc
long,NghiemTuc
long,NghiemTuc
long,NghiemTuc
long,NghiemTuc
long,NghiemTuc
long,NghiemTuc
long,NghiemTuc
long,NghiemTuc
long,NghiemTuc
long,NghiemTuc
long,NghiemTuc
long,NghiemTuc
long,NghiemTuc
long,NghiemTuc
long,NghiemTuc
long,KhongNghiemTuc
long,KhongNghiemTuc
long,KhongNghiemTuc
long,KhongNghiemTuc
long,NghiemTuc
long,NghiemTuc
long,NghiemTuc
long,KhongNghiemTuc
long,NghiemTuc
long,KhongNghiemTuc
long,KhongNghiemTuc
long,KhongNghiemTuc
long,KhongNghiemTuc
long,KhongNghiemTuc
long,KhongNghiemTuc
long,KhongNghiemTuc
long,KhongNghiemTuc
long,KhongNghiemTuc
long,NghiemTuc
long,NghiemTuc
long,NghiemTuc
long,NghiemTuc
long,NghiemTuc
long,NghiemTuc
long,NghiemTuc
long,NghiemTuc
long,NghiemTuc
long,NghiemTuc
long,NghiemTuc
long,NghiemTuc
long,NghiemTuc
long,NghiemTuc
long,NghiemTuc
long,NghiemTuc
long,NghiemTuc
long,NghiemTuc
long,NghiemTuc
long,NghiemTuc
long,NghiemTuc
long,NghiemTuc
long,NghiemTuc
long,NghiemTuc
long,NghiemTuc
long,NghiemTuc
long,NghiemTuc
long,NghiemTuc
long,NghiemTuc
long,NghiemTuc
long,NghiemTuc
long,NghiemTuc
long,NghiemTuc
long,NghiemTuc
long,NghiemTuc
long,NghiemTuc
long,NghiemTuc
long,NghiemTuc
long,NghiemTuc
long,NghiemTuc
long,NghiemTuc
long,NghiemTuc
long,NghiemTuc
long,NghiemTuc
long,NghiemTuc
long,NghiemTuc
long,NghiemTuc
long,NghiemTuc
long,NghiemTuc
long,NghiemTuc
long,NghiemTuc
long,NghiemTuc
long,NghiemTuc
long,NghiemTuc
long,NghiemTuc
long,NghiemTuc
long,NghiemTuc
long,NghiemTuc
long,NghiemTuc
long,NghiemTuc
long,NghiemTuc
long,NghiemTuc
long,NghiemTuc
long,NghiemTuc
long,NghiemTuc
long,NghiemTuc
long,NghiemTuc
long,NghiemTuc
long,NghiemTuc
long,NghiemTuc
long,Khochiu
long,Khochiu
long,Khochiu
long,Khochiu
long,Khochiu
long,Khochiu
long,Khochiu
long,NghiemTuc
long,NghiemTuc
long,NghiemTuc
long,NghiemTuc
long,NghiemTuc
long,NghiemTuc
long,NghiemTuc
long,NghiemTuc
long,NghiemTuc
long,NghiemTuc
long,NghiemTuc
long,NghiemTuc
long,NghiemTuc
long,NghiemTuc
long,NghiemTuc
long,NghiemTuc
long,NghiemTuc
long,NghiemTuc
long,NghiemTuc
long,NghiemTuc
long,NghiemTuc
long,NghiemTuc
long,NghiemTuc
long,NghiemTuc
long,NghiemTuc
long,NghiemTuc
long,Khochiu
long,Khochiu
long,Khochiu
long,Khochiu
long,Khochiu
long,Khochiu
long,Khochiu
long,Khochiu
long,NghiemTuc
long,NghiemTuc
long,NghiemTuc
long,NghiemTuc
long,NghiemTuc
long,NghiemTuc
long,NghiemTuc
long,NghiemTuc
long,NghiemTuc
long,NghiemTuc
long,NghiemTuc
long,NghiemTuc
long,NghiemTuc
long,NghiemTuc
long,NghiemTuc
long,NghiemTuc
long,NghiemTuc
long,NghiemTuc
long,NghiemTuc
long,NghiemTuc
long,Khochiu
long,Khochiu
long,NghiemTuc
long,NghiemTuc
long,NghiemTuc
long,Khochiu
long,NghiemTuc
long,NghiemTuc
long,Khochiu
long,Khochiu
long,Khochiu
long,Khochiu
long,NghiemTuc
long,NghiemTuc
long,NghiemTuc
long,NghiemTuc
long,NghiemTuc
long,NghiemTuc
long,NghiemTuc
long,NghiemTuc
long,NghiemTuc
long,NghiemTuc
long,NghiemTuc
long,NghiemTuc
long,NghiemTuc
long,NghiemTuc
long,NghiemTuc
long,NghiemTuc
long,NghiemTuc
long,NghiemTuc
long,NghiemTuc
long,NghiemTuc
long,NghiemTuc
long,NghiemTuc
long,NghiemTuc
long,NghiemTuc
long,NghiemTuc
long,NghiemTuc
long,NghiemTuc
long,NghiemTuc
long,NghiemTuc
long,NghiemTuc
long,NghiemTuc
long,NghiemTuc
long,NghiemTuc
long,NghiemTuc
long,Khochiu
long,NghiemTuc
long,NghiemTuc
long,NghiemTuc
long,NghiemTuc
long,NghiemTuc
long,NghiemTuc
long,NghiemTuc
long,NghiemTuc
long,NghiemTuc
long,NghiemTuc
long,NghiemTuc
long,NghiemTuc
long,NghiemTuc
long,NghiemTuc
long,NghiemTuc
long,NghiemTuc
long,NghiemTuc
long,NghiemTuc
long,NghiemTuc
long,NghiemTuc
long,NghiemTuc
long,NghiemTuc
long,NghiemTuc
long,NghiemTuc
long,NghiemTuc
long,NghiemTuc
long,NghiemTuc
long,NghiemTuc
long,NghiemTuc
long,NghiemTuc
long,NghiemTuc
long,NghiemTuc
long,NghiemTuc
long,NghiemTuc
long,NghiemTuc
long,NghiemTuc
long,NghiemTuc
long,NghiemTuc
long,NghiemTuc
long,NghiemTuc
long,NghiemTuc
long,NghiemTuc
long,NghiemTuc
long,NghiemTuc
long,NghiemTuc
long,NghiemTuc
long,NghiemTuc
long,Khochiu
long,NghiemTuc
long,NghiemTuc
long,NghiemTuc
long,Khochiu
long,Khochiu
long,Khochiu
long,Khochiu
long,NghiemTuc
long,NghiemTuc
long,NghiemTuc
long,NghiemTuc
long,NghiemTuc
long,NghiemTuc
long,NghiemTuc
long,NghiemTuc
long,NghiemTuc
long,NghiemTuc
long,NghiemTuc
long,NghiemTuc
long,NghiemTuc
long,NghiemTuc
long,NghiemTuc
long,NghiemTuc
long,NghiemTuc
long,NghiemTuc
long,NghiemTuc
long,NghiemTuc
long,NghiemTuc
long,NghiemTuc
long,NghiemTuc
long,NghiemTuc
long,NghiemTuc
long,NghiemTuc
long,NghiemTuc
long,NghiemTuc
long,NghiemTuc
long,NghiemTuc
long,NghiemTuc
long,NghiemTuc
long,NghiemTuc
long,NghiemTuc
long,NghiemTuc
long,NghiemTuc
long,NghiemTuc
long,NghiemTuc
long,NghiemTuc
long,NghiemTuc
long,NghiemTuc
long,NghiemTuc
long,NghiemTuc
long,NghiemTuc
long,NghiemTuc
long,NghiemTuc
long,NghiemTuc
long,NghiemTuc
long,NghiemTuc
long,NghiemTuc
long,NghiemTuc
long,NghiemTuc
long,NghiemTuc
long,NghiemTuc
long,NghiemTuc
long,NghiemTuc
long,NghiemTuc
long,NghiemTuc
long,NghiemTuc
long,NghiemTuc
long,NghiemTuc
long,NghiemTuc
long,NghiemTuc
long,NghiemTuc
long,NghiemTuc
long,NghiemTuc
long,NghiemTuc
long,NghiemTuc
long,NghiemTuc
long,NghiemTuc
long,NghiemTuc
long,NghiemTuc
long,NghiemTuc
long,NghiemTuc
long,NghiemTuc
long,NghiemTuc
long,NghiemTuc
long,NghiemTuc
long,NghiemTuc
long,NghiemTuc
long,NghiemTuc
long,NghiemTuc
long,NghiemTuc
long,NghiemTuc
long,NghiemTuc
long,NghiemTuc
long,NghiemTuc
long,NghiemTuc
long,NghiemTuc
long,NghiemTuc
long,NghiemTuc
long,NghiemTuc
long,NghiemTuc
long,NghiemTuc
long,NghiemTuc
long,NghiemTuc
long,NghiemTuc
long,NghiemTuc
long,NghiemTuc
long,Khochiu
long,Khochiu
long,NghiemTuc
long,NghiemTuc
long,NghiemTuc
long,NghiemTuc
long,NghiemTuc
long,NghiemTuc
long,NghiemTuc
long,NghiemTuc
long,NghiemTuc
long,NghiemTuc
long,NghiemTuc
long,NghiemTuc
long,NghiemTuc
long,NghiemTuc
long,NghiemTuc
long,NghiemTuc
long,NghiemTuc
long,NghiemTuc
long,NghiemTuc
long,NghiemTuc
long,NghiemTuc
long,NghiemTuc
long,NghiemTuc
long,NghiemTuc
long,NghiemTuc
long,NghiemTuc
long,NghiemTuc
long,NghiemTuc
long,NghiemTuc
long,NghiemTuc
long,NghiemTuc
long,NghiemTuc
long,NghiemTuc
long,NghiemTuc
long,NghiemTuc
long,NghiemTuc
long,NghiemTuc
long,NghiemTuc
long,NghiemTuc
long,NghiemTuc
long,NghiemTuc
long,NghiemTuc
long,NghiemTuc
long,NghiemTuc
long,NghiemTuc
long,NghiemTuc
long,NghiemTuc
long,NghiemTuc
long,NghiemTuc
long,NghiemTuc
long,NghiemTuc
long,NghiemTuc
long,NghiemTuc
long,NghiemTuc
long,NghiemTuc
long,NghiemTuc
long,NghiemTuc
long,NghiemTuc
long,NghiemTuc
long,VuiVe
long,VuiVe
long,VuiVe
long,NghiemTuc
long,NghiemTuc
long,NghiemTuc
long,VuiVe
long,VuiVe
long,NghiemTuc
long,NghiemTuc
long,NghiemTuc
long,NghiemTuc
long,NghiemTuc
long,Khochiu
long,NghiemTuc
long,NghiemTuc
long,NghiemTuc
long,NghiemTuc
long,NghiemTuc
long,NghiemTuc
long,NghiemTuc
long,NghiemTuc
long,NghiemTuc
long,NghiemTuc
long,NghiemTuc
long,NghiemTuc
long,NghiemTuc
long,NghiemTuc
long,NghiemTuc
long,Khochiu
long,Khochiu
long,Khochiu
long,Khochiu
long,Khochiu
long,Khochiu
long,Khochiu
long,Khochiu
long,Khochiu
long,Khochiu
long,Khochiu
long,Khochiu
long,Khochiu
long,NghiemTuc
long,NghiemTuc
long,NghiemTuc
long,NghiemTuc
long,NghiemTuc
long,NghiemTuc
long,NghiemTuc
long,NghiemTuc
long,NghiemTuc
long,NghiemTuc
long,NghiemTuc
long,NghiemTuc
long,NghiemTuc
long,NghiemTuc
long,NghiemTuc
long,NghiemTuc
long,NghiemTuc
long,NghiemTuc
long,NghiemTuc
long,Khochiu
long,Khochiu
long,Khochiu
long,Khochiu
long,Khochiu
long,Khochiu
long,Khochiu
long,Khochiu
long,Khochiu
long,Khochiu
long,Khochiu
long,Khochiu
long,Khochiu
long,Khochiu
long,Khochiu
long,Khochiu
long,Khochiu
long,Khochiu
long,Khochiu
long,Khochiu
long,Khochiu
long,Khochiu
long,Khochiu
long,Khochiu
long,Khochiu
long,Khochiu
long,Khochiu
long,Khochiu
long,Khochiu
long,Khochiu
long,Khochiu
long,Khochiu
long,Khochiu
long,Khochiu
long,Khochiu
long,Khochiu
long,Khochiu
long,Khochiu
long,Khochiu
long,Khochiu
long,Khochiu
long,Khochiu
long,Khochiu
long,Khochiu
long,Khochiu
long,Khochiu
long,Khochiu
long,Khochiu
long,Khochiu
long,Khochiu
long,Khochiu
long,Khochiu
long,Khochiu
long,Khochiu
long,Khochiu
long,Khochiu
long,Khochiu
long,Khochiu
long,Khochiu
long,Khochiu
long,Khochiu
long,Khochiu
long,Khochiu
long,Khochiu
long,Khochiu
long,Khochiu
long,Khochiu
long,Khochiu
long,Khochiu
long,Khochiu
long,NghiemTuc
long,NghiemTuc
long,NghiemTuc
long,NghiemTuc
long,NghiemTuc
long,NghiemTuc
long,NghiemTuc
long,NghiemTuc
long,NghiemTuc
long,NghiemTuc
long,NghiemTuc
long,NghiemTuc
long,NghiemTuc
long,NghiemTuc
long,NghiemTuc
long,NghiemTuc
long,NghiemTuc
long,NghiemTuc
long,NghiemTuc
long,NghiemTuc
long,NghiemTuc
long,NghiemTuc
long,NghiemTuc
long,NghiemTuc
long,NghiemTuc
long,NghiemTuc
long,NghiemTuc
long,NghiemTuc
long,NghiemTuc
long,NghiemTuc
long,NghiemTuc
long,NghiemTuc
long,NghiemTuc
long,NghiemTuc
long,Khochiu
long,NghiemTuc
long,NghiemTuc
long,NghiemTuc
long,Khochiu
long,Khochiu
long,Khochiu
long,Khochiu
long,Khochiu
long,Khochiu
long,Khochiu
long,Khochiu
long,Khochiu
long,Khochiu
long,Khochiu
long,Khochiu
long,Khochiu
long,Khochiu
long,Khochiu
long,Khochiu
long,Khochiu
long,VuiVe
long,Khochiu
long,Khochiu
long,Khochiu
long,Khochiu
long,Khochiu
long,Khochiu
long,Khochiu
long,Khochiu
long,Khochiu
long,Khochiu
long,Khochiu
long,Khochiu
long,Khochiu
long,Khochiu
long,Khochiu
long,Khochiu
long,Khochiu
long,Khochiu
long,Khochiu
long,Khochiu
long,Khochiu
long,Khochiu
long,Khochiu
long,Khochiu
long,Khochiu
long,Khochiu
long,Khochiu
long,Khochiu
long,NghiemTuc
long,Khochiu
long,NghiemTuc
long,Khochiu
long,Khochiu
long,Khochiu
long,NghiemTuc
long,Khochiu
long,Khochiu
long,Khochiu
long,Khochiu
long,Khochiu
long,Khochiu
long,Khochiu
long,Khochiu
long,Khochiu
long,Khochiu
long,Khochiu
long,Khochiu
long,Khochiu
long,Khochiu
long,Khochiu
long,Khochiu
long,Khochiu
long,Khochiu
long,Khochiu
long,Khochiu
long,Khochiu
long,Khochiu
long,Khochiu
long,Khochiu
long,Khochiu
long,Khochiu
long,Khochiu
long,Khochiu
long,Khochiu
long,Khochiu
long,Khochiu
long,Khochiu
long,Khochiu
long,Khochiu
long,Khochiu
long,Khochiu
long,Khochiu
long,Khochiu
long,Khochiu
long,Khochiu
long,Khochiu
long,Khochiu
long,Khochiu
long,Khochiu
long,Khochiu
long,Khochiu
long,Khochiu
long,Khochiu
long,Khochiu
long,Khochiu
long,Khochiu
long,Khochiu
long,Khochiu
long,Khochiu
long,Khochiu
long,Khochiu
long,Khochiu
long,Khochiu
long,Khochiu
long,Khochiu
long,Khochiu
long,Khochiu
long,Khochiu
long,Khochiu
long,Khochiu
long,Khochiu
long,Khochiu
long,Khochiu
long,Khochiu
long,Khochiu
long,Khochiu
long,Khochiu
long,Khochiu
long,Khochiu
long,Khochiu
long,Khochiu
long,Khochiu
long,Khochiu
long,Khochiu
long,Khochiu
long,Khochiu
long,Khochiu
long,Khochiu
long,Khochiu
long,Khochiu
long,Khochiu
long,Khochiu
long,Khochiu
long,Khochiu
long,Khochiu
long,Khochiu
long,Khochiu
long,Khochiu
long,Khochiu
long,Khochiu
long,Khochiu
long,Khochiu
long,Khochiu
long,Khochiu
long,Khochiu
long,Khochiu
long,Khochiu
long,Khochiu
long,Khochiu
long,Khochiu
long,Khochiu
long,Khochiu
long,Khochiu
long,Khochiu
long,Khochiu
long,Khochiu
long,Khochiu
long,Khochiu
long,Khochiu
long,Khochiu
long,Khochiu
long,Khochiu
long,Khochiu
long,Khochiu
long,Khochiu
long,Khochiu
long,Khochiu
long,Khochiu
long,Khochiu
long,Khochiu
long,Khochiu
long,Khochiu
long,Khochiu
long,Khochiu
long,Khochiu
long,Khochiu
long,Khochiu
long,Khochiu
long,Khochiu
long,Khochiu
long,Khochiu
long,Khochiu
long,Khochiu
long,Khochiu
long,Khochiu
long,Khochiu
long,Khochiu
long,Khochiu
long,Khochiu
long,KhongNghiemTuc
long,NghiemTuc
long,VuiVe
long,Khochiu
long,Khochiu
long,Khochiu
long,Khochiu
long,Khochiu
long,VuiVe
long,Khochiu
long,Khochiu
long,Khochiu
long,Khochiu
long,Khochiu
long,Khochiu
long,Khochiu
long,Khochiu
long,Khochiu
long,Khochiu
long,Khochiu
long,Khochiu
long,Khochiu
long,NghiemTuc
long,NghiemTuc
long,NghiemTuc
long,NghiemTuc
long,NghiemTuc
long,NghiemTuc
long,Khochiu
long,Khochiu
long,Khochiu
long,Khochiu
long,Khochiu
long,Khochiu
long,Khochiu
long,Khochiu
long,Khochiu
long,Khochiu
long,Khochiu
long,Khochiu
long,Khochiu
long,Khochiu
long,Khochiu
long,Khochiu
long,Khochiu
long,Khochiu
long,Khochiu
long,Khochiu
long,Khochiu
long,Khochiu
long,Khochiu
long,Khochiu
long,Khochiu
long,Khochiu
long,Khochiu
long,Khochiu
long,Khochiu
long,Khochiu
long,Khochiu
long,Khochiu
long,Khochiu
long,Khochiu
long,Khochiu
long,Khochiu
long,Khochiu
long,Khochiu
long,Khochiu
long,Khochiu
long,Khochiu
long,Khochiu
long,Khochiu
long,Khochiu
long,Khochiu
long,Khochiu
long,Khochiu
long,Khochiu
long,Khochiu
long,Khochiu
long,Khochiu
long,Khochiu
long,Khochiu
long,Khochiu
long,Khochiu
long,Khochiu
long,Khochiu
long,Khochiu
long,Khochiu
long,Khochiu
long,Khochiu
long,Khochiu
long,Khochiu
long,Khochiu
long,Khochiu
long,Khochiu
long,Khochiu
long,Khochiu
long,Khochiu
long,Khochiu
long,Khochiu
long,Khochiu
long,Khochiu
long,Khochiu
long,Khochiu
long,Khochiu
long,Khochiu
long,Khochiu
long,Khochiu
long,Khochiu
long,Khochiu
long,Khochiu
long,Khochiu
long,Khochiu
long,Khochiu
long,Khochiu
long,Khochiu
long,Khochiu
long,Khochiu
long,Khochiu
long,Khochiu
long,Khochiu
long,Khochiu
long,Khochiu
long,Khochiu
long,Khochiu
long,Khochiu
long,NghiemTuc
long,NghiemTuc
long,NghiemTuc
long,NghiemTuc
long,NghiemTuc
long,NghiemTuc
long,Khochiu
long,Khochiu
long,Khochiu
long,Khochiu
long,Khochiu
long,Khochiu
long,Khochiu
long,Khochiu
long,Khochiu
long,Khochiu
long,Khochiu
long,Khochiu
long,Khochiu
long,Khochiu
long,Khochiu
long,Khochiu
long,Khochiu
long,Khochiu
long,Khochiu
long,Khochiu
long,Khochiu
long,Khochiu
long,Khochiu
long,Khochiu
long,Khochiu
long,Khochiu
long,Khochiu
long,Khochiu
long,Khochiu
long,Khochiu
long,Khochiu
long,Khochiu
long,Khochiu
long,Khochiu
long,Khochiu
long,Khochiu
long,Khochiu
long,Khochiu
long,Khochiu
long,Khochiu
long,Khochiu
long,Khochiu
long,Khochiu
long,Khochiu
long,Khochiu
long,Khochiu
long,Khochiu
long,Khochiu
long,Khochiu
long,Khochiu
long,Khochiu
long,Khochiu
long,Khochiu
long,Khochiu
long,Khochiu
long,Khochiu
long,Khochiu
long,Khochiu
long,VuiVe
long,VuiVe
long,VuiVe
long,VuiVe
long,VuiVe
long,Khochiu
long,VuiVe
long,VuiVe
long,Khochiu
long,VuiVe
long,Khochiu
long,Khochiu
long,Khochiu
long,Khochiu
long,Khochiu
long,Khochiu
long,Khochiu
long,Khochiu
long,Khochiu
long,Khochiu
long,Khochiu
long,Khochiu
long,Khochiu
long,Khochiu
long,Khochiu
long,Khochiu
long,Khochiu
long,Khochiu
long,Khochiu
long,Khochiu
long,Khochiu
long,Khochiu
long,Khochiu
long,Khochiu
long,Khochiu
long,Khochiu
long,Khochiu
long,Khochiu
long,Khochiu
long,Khochiu
long,Khochiu
long,Khochiu
long,Khochiu
long,Khochiu
long,Khochiu
long,Khochiu
long,Khochiu
long,Khochiu
long,Khochiu
long,Khochiu
long,Khochiu
long,Khochiu
long,Khochiu
long,Khochiu
long,Khochiu
long,Khochiu
long,Khochiu
long,Khochiu
long,Khochiu
long,Khochiu
long,Khochiu
long,Khochiu
long,VuiVe
long,VuiVe
long,VuiVe
long,Khochiu
long,Khochiu
long,Khochiu
long,Khochiu
long,Khochiu
long,Khochiu
long,Khochiu
long,Khochiu
long,Khochiu
long,Khochiu
long,Khochiu
long,Khochiu
long,VuiVe
long,Khochiu
long,Khochiu
long,VuiVe
long,VuiVe
long,VuiVe
long,VuiVe
long,VuiVe
long,VuiVe
long,VuiVe
long,VuiVe
long,Khochiu
long,VuiVe
long,VuiVe
long,VuiVe
long,VuiVe
long,VuiVe
long,VuiVe
long,VuiVe
long,VuiVe
long,Khochiu
long,Khochiu
long,Khochiu
long,Khochiu
long,Khochiu
long,Khochiu
long,VuiVe
long,VuiVe
long,VuiVe
long,VuiVe
long,VuiVe
long,VuiVe
long,VuiVe
long,VuiVe
long,VuiVe
long,VuiVe
long,VuiVe
long,VuiVe
long,VuiVe
long,VuiVe
long,Khochiu
long,Khochiu
long,Khochiu
long,VuiVe
long,Khochiu
long,Khochiu
long,Khochiu
long,VuiVe
long,VuiVe
long,Khochiu
long,Khochiu
long,Khochiu
long,Khochiu
long,Khochiu
long,Khochiu
long,VuiVe
long,VuiVe
long,VuiVe
long,VuiVe
long,VuiVe
long,VuiVe
long,VuiVe
long,VuiVe
long,VuiVe
long,VuiVe
long,VuiVe
long,VuiVe
long,VuiVe
long,VuiVe
long,VuiVe
long,VuiVe
long,VuiVe
long,VuiVe
long,VuiVe
long,VuiVe
long,VuiVe
long,VuiVe
long,VuiVe
long,VuiVe
long,VuiVe
long,VuiVe
long,VuiVe
long,VuiVe
long,VuiVe
long,VuiVe
long,VuiVe
long,VuiVe
long,VuiVe
long,VuiVe
long,VuiVe
long,VuiVe
long,VuiVe
long,VuiVe
long,VuiVe
long,Khochiu
long,VuiVe
long,VuiVe
long,VuiVe
long,VuiVe
long,VuiVe
long,VuiVe
long,VuiVe
long,VuiVe
long,VuiVe
long,VuiVe
long,VuiVe
long,VuiVe
long,VuiVe
long,VuiVe
long,VuiVe
long,Khochiu
long,VuiVe
long,VuiVe
long,VuiVe
long,VuiVe
long,VuiVe
long,VuiVe
long,VuiVe
long,VuiVe
long,VuiVe
long,VuiVe
long,VuiVe
long,VuiVe
long,VuiVe
long,VuiVe
long,VuiVe
long,VuiVe
long,Khochiu
long,VuiVe
long,Khochiu
long,Khochiu
long,Khochiu
long,VuiVe
long,Khochiu
long,VuiVe
long,VuiVe
long,VuiVe
long,VuiVe
long,VuiVe
long,VuiVe
long,VuiVe
long,VuiVe
long,Khochiu
long,Khochiu
long,Khochiu
long,Khochiu
long,Khochiu
long,Khochiu
long,Khochiu
long,Khochiu
long,Khochiu
long,Khochiu
long,Khochiu
long,Khochiu
long,Khochiu
long,Khochiu
long,Khochiu
long,Khochiu
long,Khochiu
long,Khochiu
long,Khochiu
long,Khochiu
long,Khochiu
long,Khochiu
long,Khochiu
long,Khochiu
long,NghiemTuc
long,NghiemTuc
long,NghiemTuc
long,NghiemTuc
long,NghiemTuc
long,NghiemTuc
long,NghiemTuc
long,NghiemTuc
long,NghiemTuc
long,NghiemTuc
long,NghiemTuc
long,NghiemTuc
long,NghiemTuc
long,NghiemTuc
long,NghiemTuc
long,VuiVe
long,VuiVe
long,VuiVe
long,VuiVe
long,VuiVe
long,VuiVe
long,VuiVe
long,VuiVe
long,VuiVe
long,VuiVe
long,VuiVe
long,VuiVe
long,VuiVe
long,VuiVe
long,VuiVe
long,VuiVe
long,VuiVe
long,VuiVe
long,VuiVe
long,VuiVe
long,VuiVe
long,VuiVe
long,VuiVe
long,Khochiu
long,Khochiu
long,Khochiu
long,NghiemTuc
long,NghiemTuc
long,Khochiu
long,NghiemTuc
long,NghiemTuc
long,NghiemTuc
long,NghiemTuc
long,Khochiu
long,Khochiu
long,Khochiu
long,Khochiu
long,Khochiu
long,Khochiu
long,Khochiu
long,Khochiu
long,Khochiu
long,Khochiu
long,Khochiu
long,Khochiu
long,Khochiu
long,Khochiu
long,Khochiu
long,Khochiu
long,Khochiu
long,Khochiu
long,Khochiu
long,Khochiu
long,Khochiu
long,Khochiu
long,Khochiu
long,Khochiu
long,Khochiu
long,Khochiu
long,Khochiu
long,Khochiu
long,Khochiu
long,Khochiu
long,Khochiu
long,Khochiu
long,Khochiu
long,Khochiu
long,Khochiu
long,Khochiu
long,Khochiu
long,Khochiu
long,Khochiu
long,Khochiu
long,Khochiu
long,Khochiu
long,Khochiu
long,Khochiu
long,Khochiu
long,Khochiu
long,Khochiu
long,Khochiu
long,NghiemTuc
long,NghiemTuc
long,NghiemTuc
long,NghiemTuc
long,NghiemTuc
long,NghiemTuc
long,NghiemTuc
long,NghiemTuc
long,NghiemTuc
long,NghiemTuc
long,Khochiu
long,Khochiu
long,Khochiu
long,Khochiu
long,Khochiu
long,Khochiu
long,Khochiu
long,Khochiu
long,Khochiu
long,Khochiu
long,Khochiu
long,Khochiu
long,Khochiu
long,Khochiu
long,Khochiu
long,Khochiu
long,Khochiu
long,Khochiu
long,Khochiu
long,Khochiu
long,Khochiu
long,Khochiu
long,Khochiu
long,Khochiu
long,VuiVe
long,VuiVe
long,VuiVe
long,VuiVe
long,VuiVe
long,VuiVe
long,VuiVe
long,VuiVe
long,VuiVe
long,VuiVe
long,VuiVe
long,VuiVe
long,VuiVe
long,VuiVe
long,VuiVe
long,VuiVe
long,VuiVe
long,VuiVe
long,VuiVe
long,VuiVe
long,VuiVe
long,VuiVe
long,VuiVe
long,VuiVe
long,VuiVe
long,VuiVe
long,VuiVe
long,VuiVe
long,VuiVe
long,VuiVe
long,VuiVe
long,VuiVe
long,VuiVe
long,VuiVe
long,VuiVe
long,VuiVe
long,VuiVe
long,Khochiu
long,Khochiu
long,Khochiu
long,Khochiu
long,Khochiu
long,Khochiu
long,Khochiu
long,Khochiu
long,Khochiu
long,Khochiu
long,Khochiu
long,Khochiu
long,Khochiu
long,Khochiu
long,Khochiu
long,Khochiu
long,Khochiu
long,Khochiu
long,Khochiu
long,Khochiu
long,Khochiu
long,Khochiu
long,Khochiu
long,Khochiu
long,Khochiu
long,Khochiu
long,NghiemTuc
long,NghiemTuc
long,NghiemTuc
long,NghiemTuc
long,NghiemTuc
long,NghiemTuc
long,NghiemTuc
long,NghiemTuc
long,NghiemTuc
long,NghiemTuc
long,NghiemTuc
long,NghiemTuc
long,NghiemTuc
long,NghiemTuc
long,NghiemTuc
long,VuiVe
long,VuiVe
long,VuiVe
long,VuiVe
long,VuiVe
long,VuiVe
long,VuiVe
long,VuiVe
long,NghiemTuc
long,VuiVe
long,VuiVe
long,VuiVe
long,VuiVe
long,VuiVe
long,VuiVe
long,VuiVe
long,VuiVe
long,NghiemTuc
long,NghiemTuc
long,NghiemTuc
long,NghiemTuc
long,NghiemTuc
long,NghiemTuc
long,NghiemTuc
long,NghiemTuc
long,NghiemTuc
long,NghiemTuc
long,NghiemTuc
long,NghiemTuc
long,NghiemTuc
long,NghiemTuc
long,NghiemTuc
long,NghiemTuc
long,NghiemTuc
long,NghiemTuc
long,NghiemTuc
long,NghiemTuc
long,NghiemTuc
long,NghiemTuc
long,NghiemTuc
long,NghiemTuc
long,NghiemTuc
long,NghiemTuc
long,NghiemTuc
long,NghiemTuc
long,NghiemTuc
long,NghiemTuc
long,NghiemTuc
long,NghiemTuc
long,NghiemTuc
long,NghiemTuc
long,NghiemTuc
long,NghiemTuc
long,NghiemTuc
long,NghiemTuc
long,NghiemTuc
long,NghiemTuc
long,NghiemTuc
long,NghiemTuc
long,NghiemTuc
long,NghiemTuc
long,NghiemTuc
long,NghiemTuc
long,NghiemTuc
long,NghiemTuc
long,NghiemTuc
long,NghiemTuc
long,NghiemTuc
long,NghiemTuc
long,NghiemTuc
long,VuiVe
long,NghiemTuc
long,VuiVe
long,VuiVe
long,VuiVe
long,NghiemTuc
long,NghiemTuc
long,NghiemTuc
long,NghiemTuc
long,Khochiu
long,Khochiu
long,NghiemTuc
long,Khochiu
long,Khochiu
long,Khochiu
long,Khochiu
long,Khochiu
long,NghiemTuc
long,NghiemTuc
long,Khochiu
long,NghiemTuc
long,NghiemTuc
long,NghiemTuc
long,NghiemTuc
long,NghiemTuc
long,NghiemTuc
long,NghiemTuc
long,NghiemTuc
long,NghiemTuc
long,NghiemTuc
long,NghiemTuc
long,NghiemTuc
long,NghiemTuc
long,NghiemTuc
long,NghiemTuc
long,NghiemTuc
long,NghiemTuc
long,NghiemTuc
long,NghiemTuc
long,NghiemTuc
long,NghiemTuc
long,NghiemTuc
long,NghiemTuc
long,NghiemTuc
long,NghiemTuc
long,NghiemTuc
long,NghiemTuc
long,NghiemTuc
long,Khochiu
long,Khochiu
long,Khochiu
long,Khochiu
long,Khochiu
long,NghiemTuc
long,NghiemTuc
long,Khochiu
long,Khochiu
long,Khochiu
long,NghiemTuc
long,Khochiu
long,Khochiu
long,NghiemTuc
long,NghiemTuc
long,NghiemTuc
long,NghiemTuc
long,NghiemTuc
long,NghiemTuc
long,NghiemTuc
long,Khochiu
long,Khochiu
long,Khochiu
long,Khochiu
long,Khochiu
long,Khochiu
long,NghiemTuc
long,NghiemTuc
long,NghiemTuc
long,NghiemTuc
long,NghiemTuc
long,NghiemTuc
long,Khochiu
long,Khochiu
long,Khochiu
long,Khochiu
long,Khochiu
long,NghiemTuc
long,NghiemTuc
long,NghiemTuc
long,NghiemTuc
long,NghiemTuc
long,NghiemTuc
long,NghiemTuc
long,NghiemTuc
long,NghiemTuc
long,NghiemTuc
long,NghiemTuc
long,NghiemTuc
long,NghiemTuc
long,NghiemTuc
long,NghiemTuc
long,NghiemTuc
long,NghiemTuc
long,NghiemTuc
long,NghiemTuc
